iucn_sid,sciname,population,category,common
165871,Centropyge bispinosa,NA,LC,Twospined Angelfish
165878,Centropyge flavissima,NA,LC,Lemonpeel Angelfish
165896,Centropyge multicolor,NA,LC,Multicolor Angelfish
165848,Centropyge heraldi,NA,LC,Yellow Angelfish
165885,Pygoplites diacanthus,NA,LC,Royal Angelfish
165864,Genicanthus bellus,NA,LC,Ornate Angelfish
165872,Genicanthus watanabei,NA,LC,Blackedged Angelfish
165828,Centropyge fisheri,NA,LC,Hawaiian Flame Angelfish
165862,Pomacanthus imperator,NA,LC,Emperor Angelfish
165852,Paracentropyge multifasciata,NA,LC,Barred Angelfish
155308,Centropyge loricula,NA,LC,Flame Angel
194307,Elops hawaiensis,NA,DD,Giant Herring
194298,Albula argentea,NA,DD,NA
165681,Chaetodon ephippium,NA,LC,Saddle-back Butterflyfish
165688,Chaetodon flavirostris,NA,LC,Dusky Butterflyfish
165631,Chaetodon auriga,NA,LC,Threadfin Butterflyfish
165725,Chaetodon semeion,NA,LC,Decorated Butterflyfish
165669,Chaetodon lineolatus,NA,LC,Lined Butterflyfish
165668,Chaetodon citrinellus,NA,LC,Speckled Butterflyfish
165712,Chaetodon trifascialis,NA,NT,Triangulate Butterflyfish
165678,Chaetodon quadrimaculatus,NA,LC,Neonbanded Butterflyfish
165650,Heniochus monoceros,NA,LC,Unicorn Pennant Coralfish
165667,Forcipiger longirostris,NA,LC,Black Long-nosed Butterflyfish
154788,Hemitaurichthys thompsoni,NA,LC,Thompson's Butterflyfish
165640,Heniochus chrysostomus,NA,LC,Threeband Pennantfish
165686,Chaetodon bennetti,NA,DD,Bluelashed Butterflyfish
165672,Hemitaurichthys polylepis,NA,LC,Brushytoothed Butterflyfish
165651,Chaetodon lunula,NA,LC,Redstriped Butterflyfish
165641,Chaetodon ornatissimus,NA,LC,Ornate Butterflyfish
165713,Chaetodon reticulatus,NA,DD,Reticulated Butterflyfish
165615,Chaetodon mertensii,NA,LC,Orangebar Butterflyfish
165679,Chaetodon trichrous,NA,LC,Tahitian Butterflyfish
165704,Chaetodon lunulatus,NA,LC,Pacific Pinstriped Butterflyfish
165652,Heniochus varius,NA,LC,Hunchbacked Coralfish
165665,Chaetodon ulietensis,NA,LC,Pacific Double-saddled Butterflyfish
165716,Forcipiger flavissimus,NA,LC,Big long-nosed Butterflyfish
165714,Chaetodon unimaculatus,NA,LC,Teardrop Butterfly Fish
165680,Chaetodon rafflesii,NA,LC,Raffle's Butterflyfish
165630,Chaetodon vagabundus,NA,LC,Criss-cross Butterflyfish
165626,Heniochus acuminatus,NA,LC,Pennant Coral Fish
165653,Chaetodon pelewensis,NA,LC,Dot-and-dash Butterflyfish
60210,Euprotomicrus bispinatus,NA,LC,Pygmy Shark
39385,Sphyrna lewini,NA,EN,Scalloped Hammerhead
39365,Carcharhinus amblyrhynchos,NA,NT,Grey Reef Shark
39381,Prionace glauca,NA,NT,Blue Shark
41836,Negaprion acutidens,NA,VU,Sharptooth Lemon Shark
161597,Alopias pelagicus,NA,VU,Pelagic Thresher
39415,Aetobatus narinari,NA,NT,Spotted Eagle Ray
39372,Carcharhinus leucas,NA,NT,Bull Shark
3855,Carcharodon carcharias,NA,VU,White Shark
42566169,Aetobatus ocellatus,NA,VU,Spotted Eagle Ray
39384,Triaenodon obesus,NA,NT,Whitetip Reef Shark
39339,Alopias vulpinus,NA,VU,Common Thresher
41835,Nebrius ferrugineus,NA,VU,Tawny Nurse Shark
60117,Gymnura poecilura,NA,NT,Longtail Butterfly Ray
39386,Sphyrna mokarran,NA,EN,Great Hammerhead
60225,Isurus paucus,NA,EN,Longfin Mako
39337,Pseudocarcharias kamoharai,NA,LC,Crocodile Shark
39378,Galeocerdo cuvier,NA,NT,Tiger Shark
161731,Pteroplatytrygon violacea,NA,LC,Pelagic Stingray
39338,Megachasma pelagios,NA,LC,Megamouth Shark
39341,Isurus oxyrinchus,NA,EN,Shortfin Mako
195459,Mobula alfredi,NA,VU,Reef Manta Ray
161526,Carcharhinus albimarginatus,NA,VU,Silvertip Shark
3851,Carcharhinus limbatus,NA,NT,Blacktip Shark
39370,Carcharhinus falciformis,NA,VU,Silky Shark
41736,Carcharhinus galapagensis,NA,NT,Galapagos Shark
198921,Mobula birostris,NA,VU,Giant Manta Ray
19488,Rhincodon typus,NA,EN,Whale Shark
39374,Carcharhinus longimanus,NA,VU,Oceanic Whitetip Shark
75155303,Encrasicholina punctifer,NA,LC,Buccaneer anchovy
48342229,Praealticus caesius,NA,LC,NA
48342326,Entomacrodus sealei,NA,LC,Seale's Blenny
48342422,Blenniella gibbifrons,NA,LC,Picture Rockskipper
48342115,Blenniella chrysospilos,NA,LC,Orange-spotted Blenny
178963,Enneapterygius triserialis,NA,LC,White-spotted Triplefin
179062,Enneapterygius nigricauda,NA,LC,Blacktail Triplefin
48342117,Cirripectes fuscoguttatus,NA,LC,Dusky Spotted Blenny
48342246,Atrosalarias fuscus,NA,LC,Black Blenny
48342389,Entomacrodus decussatus,NA,LC,Wavyline Rockskipper
48342346,Aspidontus taeniatus,NA,LC,Cleaner Mimic
48342444,Atrosalarias holomelas,NA,LC,NA
48342525,Aspidontus dussumieri,NA,LC,Dussumier's Blenny
48342402,Cirripectes variolosus,NA,LC,Banded Fringe Blenny
178913,Enneapterygius fuscoventer,NA,LC,Blackbelly Triplefin
48342489,Blenniella caudolineata,NA,LC,Pacific Blue-spotted Blenny
48342160,Enchelyurus ater,NA,LC,Black Blenny
48342521,Entomacrodus caudofasciatus,NA,LC,Bartail Blenny
179043,Norfolkia thomasi,NA,LC,Thomas' Triplefin
178889,Enneapterygius rhabdotus,NA,LC,Umpire Triplefin
178932,Enneapterygius tutuilae,NA,LC,High Hat Triplefin
179109,Helcogramma chica,NA,LC,Little Hooded Triplefin
48342306,Cirripectes jenningsi,NA,LC,NA
48342126,Blenniella paula,NA,LC,Blue-dashed Rockskipper
48342265,Entomacrodus thalassinus,NA,LC,Reef Margin Blenny
48321090,Alticus arnoldorum,NA,LC,Leaping Rockskipper
48342292,Stanulus seychellensis,NA,LC,Seychelles Blenny
46079801,Istiblennius edentulus,NA,LC,Smoothlipped Blenny
48342137,Exallias brevis,NA,LC,Leopard Blenny
178957,Enneapterygius pyramis,NA,LC,Pyramid Triplefin
48342428,Cirripectes quagga,NA,LC,Zebra Blenny
48342321,Istiblennius lineatus,NA,LC,Black-lined Blenny
48342477,Plagiotremus rhinorhynchos,NA,LC,Bluestriped Fangblenny
48342366,Plagiotremus tapeinosoma,NA,LC,Piano Fangblenny
48342213,Entomacrodus striatus,NA,LC,Blackspotted Rockskipper
48342309,Petroscirtes xestus,NA,LC,Bearded Sabretooth Blenny
192811,Conus planorbis,NA,LC,NA
192634,Conus miles,NA,LC,NA
192636,Conus coronatus,NA,LC,NA
192506,Conus pulicarius,NA,LC,Flea Cone
192844,Conus lividus,NA,LC,NA
192879,Conus pertusus,NA,LC,NA
192611,Conus ebraeus,NA,LC,NA
192815,Conus auricomus,NA,LC,NA
192704,Conus acutangulus,NA,LC,NA
192297,Conus bullatus,NA,LC,Bubble Cone
192296,Conus sanguinolentus,NA,LC,NA
192327,Conus muriculatus,NA,LC,NA
192587,Conus bandanus,NA,LC,NA
192829,Conus circumcisus,NA,LC,NA
192754,Conus coffeae,NA,LC,NA
192567,Conus mitratus,NA,LC,NA
192694,Conus varius,NA,LC,NA
192843,Conus legatus,NA,LC,NA
192789,Conus tulipa,NA,LC,NA
192778,Conus vexillum,NA,LC,NA
192812,Conus quercinus,NA,LC,NA
192447,Conus armadillo,NA,LC,NA
192424,Conus obscurus,NA,LC,NA
192700,Conus eburneus,NA,LC,NA
192413,Conus aureus,NA,LC,NA
192428,Conus rattus,NA,LC,NA
192521,Conus retifer,NA,LC,NA
192593,Conus imperialis,NA,LC,NA
192321,Conus striatus,NA,LC,NA
192737,Conus canonicus,NA,LC,NA
192316,Conus textile,NA,LC,NA
192367,Conus catus,NA,LC,NA
192318,Conus nussatella,NA,LC,NA
192460,Conus generalis,NA,LC,NA
192722,Conus glans,NA,LC,NA
192564,Conus moreleti,NA,LC,NA
192562,Conus flavidus,NA,LC,Yellow Pacific cone
192743,Conus tessulatus,NA,LC,NA
192648,Conus tenuistriatus,NA,LC,NA
192664,Conus episcopatus,NA,LC,NA
192419,Conus frigidus,NA,LC,Frigid Cone
192674,Conus sponsalis,NA,LC,Sponsal Cone
192853,Conus virgo,NA,LC,NA
192793,Conus cylindraceus,NA,LC,Cylindrical Cone
192342,Conus emaciatus,NA,LC,False Virgin Cone
192305,Conus distans,NA,LC,NA
192719,Conus litteratus,NA,LC,NA
192586,Conus terebra,NA,LC,NA
192870,Conus arenatus,NA,LC,Sand-dusted Cone
192563,Conus aulicus,NA,LC,NA
192772,Conus geographus,NA,LC,NA
192538,Conus ferrugineus,NA,LC,NA
192378,Conus litoglyphus,NA,LC,NA
192573,Conus magnificus,NA,LC,NA
192848,Conus adamsonii,NA,LC,NA
192580,Conus chaldaeus,NA,LC,NA
192386,Conus leopardus,NA,LC,NA
133378,Goniopora somaliensis,NA,LC,NA
133652,Leptastrea transversa,NA,LC,NA
133305,Montipora verrilli,NA,DD,NA
133351,Leptoseris mycetoseroides,NA,LC,NA
133091,Leptoseris scabra,NA,LC,NA
133066,Montipora informis,NA,LC,NA
133558,Pavona cactus,NA,VU,NA
133115,Acropora retusa,NA,VU,NA
133020,Acropora tenuis,NA,NT,NA
132936,Favia pallida,NA,LC,NA
133207,Acropora clathrata,NA,LC,NA
133146,Turbinaria frondens,NA,LC,NA
133242,Pavona frondifera,NA,LC,NA
133313,Acropora cytherea,NA,LC,NA
132966,Acropora rambleri,NA,DD,NA
133158,Podabacia crustacea,NA,LC,NA
133437,Fungia moluccensis,NA,LC,NA
133292,Astreopora myriophthalma,NA,LC,NA
133443,Montipora australiensis,NA,VU,NA
132980,Leptoria phrygia,NA,NT,NA
133332,Alveopora allingi,NA,VU,NA
133273,Acropora inermis,NA,DD,NA
133383,Barabattoia laddi,NA,VU,NA
133094,Psammocora nierstraszi,NA,LC,NA
133698,Acropora nana,NA,NT,NA
132998,Acropora samoensis,NA,LC,NA
133410,Pachyseris speciosa,NA,LC,NA
133593,Favia stelligera,NA,NT,NA
133685,Stylophora pistillata,NA,NT,Smooth Cauliflower Coral
133338,Acropora speciosa,NA,VU,NA
133258,Plerogyra sinuosa,NA,NT,NA
132883,Goniastrea australensis,NA,LC,NA
133550,Acropora glauca,NA,NT,NA
133649,Acropora abrotanoides,NA,LC,NA
133029,Favia rotumana,NA,LC,NA
133016,Porites vaughani,NA,LC,NA
133398,Pavona varians,NA,LC,NA
133406,Psammocora haimeana,NA,LC,NA
133172,Echinophyllia aspera,NA,LC,NA
132866,Montipora angulata,NA,VU,NA
133160,Acropora austera,NA,NT,NA
132911,Pavona maldivensis,NA,LC,NA
133635,Montipora venosa,NA,NT,NA
132992,Acropora humilis,NA,NT,Finger Coral
133697,Turbinaria reniformis,NA,VU,NA
133088,Echinopora lamellosa,NA,LC,NA
133569,Favia favus,NA,LC,Head Coral
133186,Montipora floweri,NA,LC,NA
133252,Acropora tortuosa,NA,LC,NA
133502,Psammocora superficialis,NA,LC,NA
133303,Acropora lutkeni,NA,NT,NA
133556,Montipora spumosa,NA,LC,NA
133291,Acropora striata,NA,VU,NA
133120,Acropora latistella,NA,LC,NA
133337,Merulina ampliata,NA,LC,NA
133117,Montipora lobulata,NA,VU,NA
133548,Stylocoeniella armata,NA,LC,NA
133380,Madracis kirbyi,NA,LC,NA
132979,Favites complanata,NA,NT,NA
133298,Montipora turgescens,NA,LC,NA
133239,Acropora nasuta,NA,NT,NA
133343,Favites russelli,NA,NT,NA
133010,Acropora elseyi,NA,LC,NA
133324,Acropora gemmifera,NA,LC,NA
133451,Montipora danae,NA,LC,NA
133201,Fungia scutaria,NA,LC,NA
133082,Porites lutea,NA,LC,NA
133031,Montipora effusa,NA,NT,NA
133440,Platygyra pini,NA,LC,NA
133215,Fungia tenuis,NA,LC,NA
133314,Montipora aequituberculata,NA,LC,NA
133485,Astreopora randalli,NA,LC,NA
133559,Mycedium elephantotus,NA,LC,NA
133293,Acropora valida,NA,LC,NA
133325,Cyphastrea chalcidicum,NA,LC,NA
133546,Porites latistella,NA,LC,NA
133084,Barabattoia amicorum,NA,LC,NA
133187,Porites arnaudi,NA,LC,NA
132923,Pocillopora woodjonesi,NA,LC,NA
133220,Montipora caliculata,NA,VU,NA
133299,Fungia sinensis,NA,LC,NA
133479,Acropora hyacinthus,NA,NT,Brush Coral
133025,Acropora vaughani,NA,VU,NA
133673,Fungia paumotensis,NA,LC,Elongate Mushroom Coral
133271,Acropora sarmentosa,NA,LC,NA
133407,Pocillopora eydouxi,NA,NT,NA
133240,Pavona clavus,NA,LC,NA
133216,Porites lobata,NA,NT,NA
133058,Echinophyllia echinata,NA,LC,NA
133616,Favia matthaii,NA,NT,NA
133390,Seriatopora hystrix,NA,LC,Thin Birdsnest Coral
132948,Acropora granulosa,NA,NT,NA
132986,Fungia repanda,NA,LC,NA
133644,Acropora formosa,NA,NT,Staghorn Coral
132903,Leptoseris solida,NA,LC,NA
133648,Cyphastrea microphthalma,NA,LC,NA
133148,Ctenactis echinata,NA,LC,NA
133423,Fungia horrida,NA,LC,NA
133595,Millepora platyphylla,NA,LC,Firecoral
133419,Lobophyllia hemprichii,NA,LC,Largebrain Root Coral
133503,Fungia fungites,NA,NT,Common Mushroom Coral
133023,Porites lichen,NA,LC,NA
133702,Pavona duerdeni,NA,LC,NA
133319,Acropora horrida,NA,VU,NA
133646,Montipora verrucosa,NA,LC,NA
133210,Favia speciosa,NA,LC,NA
133157,Scolymia vitiensis,NA,NT,NA
133105,Porites murrayensis,NA,NT,NA
133266,Acropora nobilis,NA,LC,NA
133615,Goniopora stutchburyi,NA,LC,NA
133613,Porites solida,NA,LC,NA
132972,Acropora paniculata,NA,VU,NA
133539,Leptoseris incrustans,NA,VU,NA
132988,Acropora longicyathus,NA,LC,NA
133110,Ctenactis crassa,NA,LC,NA
133308,Fungia scruposa,NA,LC,NA
133438,Montipora foveolata,NA,NT,NA
133176,Coscinaraea exesa,NA,LC,NA
133538,Herpolitha limax,NA,LC,NA
133021,Acropora microphthalma,NA,LC,NA
133015,Montipora millepora,NA,LC,NA
133458,Hydnophora microconos,NA,NT,NA
133222,Pocillopora damicornis,NA,LC,Cauliflower Coral
133468,Platygyra daedalea,NA,LC,Brain Coral
133633,Turbinaria mesenterina,NA,VU,NA
133418,Fungia concinna,NA,LC,NA
132987,Echinopora gemmacea,NA,LC,NA
132983,Leptastrea bottae,NA,NT,NA
133452,Goniastrea aspera,NA,LC,NA
133068,Platygyra sinensis,NA,LC,NA
133482,Alveopora spongiosa,NA,NT,NA
133587,Sandalolitha dentata,NA,LC,NA
133371,Fungia distorta,NA,LC,Distorted Mushroom Coral
133428,Coscinaraea columna,NA,LC,NA
133345,Montipora tuberculosa,NA,LC,NA
133700,Montipora hoffmeisteri,NA,LC,NA
133248,Acropora robusta,NA,LC,NA
133238,Montipora hispida,NA,LC,NA
133414,Goniastrea pectinata,NA,LC,NA
133244,Favites flexuosa,NA,NT,NA
133090,Leptastrea purpurea,NA,LC,NA
133183,Fungia granulosa,NA,LC,NA
132917,Gardineroseris planulata,NA,LC,NA
133387,Acropora globiceps,NA,VU,NA
133570,Psammocora profundacella,NA,LC,NA
133175,Montipora efflorescens,NA,NT,NA
133099,Pocillopora elegans,NA,VU,NA
132888,Acropora secale,NA,NT,NA
133290,Favites abdita,NA,NT,NA
132933,Acropora carduus,NA,NT,NA
133382,Pavona explanulata,NA,LC,NA
133208,Psammocora contigua,NA,NT,NA
133179,Fungia scabra,NA,LC,NA
133277,Porites australiensis,NA,LC,NA
133156,Alveopora verrilliana,NA,VU,NA
133167,Cyphastrea serailia,NA,LC,NA
132976,Acropora loripes,NA,NT,NA
133043,Psammocora digitata,NA,NT,NA
133071,Montipora foliosa,NA,NT,NA
133041,Pavona decussata,NA,VU,Cactus Coral
133250,Acropora digitifera,NA,NT,NA
133589,Psammocora explanulata,NA,LC,NA
133662,Galaxea fascicularis,NA,NT,NA
132885,Leptoseris hawaiiensis,NA,LC,NA
133551,Lobophyllia corymbosa,NA,LC,Brain Root Coral
133197,Pocillopora verrucosa,NA,LC,Rasp Coral
133033,Acropora pulchra,NA,LC,NA
133607,Goniopora minor,NA,NT,NA
133246,Acanthastrea echinata,NA,LC,NA
133284,Plesiastrea versipora,NA,LC,NA
133360,Pavona bipartita,NA,VU,NA
132864,Fungia costulata,NA,LC,NA
132958,Pocillopora capitata,NA,LC,NA
132922,Montastrea curta,NA,LC,NA
133315,Acropora monticulosa,NA,NT,NA
133049,Stylocoeniella guentheri,NA,LC,NA
133045,Pocillopora ligulata,NA,LC,NA
188467,Abudefduf sordidus,NA,LC,Yellow-banded Sergeant-major
154760,Chromis alpha,NA,LC,Yellow-speckled Chromis
188609,Abudefduf vaigiensis,NA,LC,Five-banded Sergeant-major
188453,Abudefduf septemfasciatus,NA,LC,Seven-banded Sergeant-major
188557,Abudefduf sexfasciatus,NA,LC,Scissortail Sergeant
61339,Epinephelus polyphekadion,NA,VU,Camouflage Grouper
132737,Cephalopholis leopardus,NA,LC,Leopard Hind
64412,Plectropomus laevis,NA,LC,Blacksaddled Coral Grouper
132758,Epinephelus tauvina,NA,DD,Greasy Grouper
132772,Hyporthodus octofasciatus,NA,LC,Eightbar Grouper
132791,Cephalopholis igarashiensis,NA,LC,Garish Hind
132781,Cephalopholis argus,NA,LC,Peacock Grouper
132805,Cephalopholis polleni,NA,LC,Harlequin Hind
132825,Cephalopholis spiloparaea,NA,LC,Strawberry Hind
132778,Epinephelus hexagonatus,NA,LC,White Speckled Rockcod
132788,Epinephelus merra,NA,LC,Honeycomb Grouper
132725,Cephalopholis aurantia,NA,LC,Golden Hind
132800,Gracila albomarginata,NA,LC,Masked Grouper
132783,Cephalopholis urodeta,NA,LC,Darkfin Hind
132745,Epinephelus morrhua,NA,LC,Comet Grouper
132746,Epinephelus melanostigma,NA,LC,One-blotch Grouper
7858,Epinephelus lanceolatus,NA,DD,Giant Grouper
132816,Saloptia powelli,NA,LC,Golden Grouper
132817,Epinephelus fasciatus,NA,LC,Blacktip Grouper
132731,Epinephelus socialis,NA,LC,Surge Grouper
132738,Variola louti,NA,LC,Yellow-edged Lyretail
132741,Cephalopholis sexmaculata,NA,LC,Six-blotch Hind
64407,Epinephelus tuamotuensis,NA,LC,Reticulate Grouper
185024,Enoplometopus holthuisi,NA,DD,Bullseye Reef Lobster
170066,Panulirus longipes,NA,LC,Longlegged Spiny Lobster
185005,Enoplometopus gracilipes,NA,DD,NA
170063,Arctides regalis,NA,LC,Royal Spanish Lobster
185061,Pentacheles snyderi,NA,LC,NA
170071,Parribacus antarcticus,NA,LC,Sculptured Mitten Lobster
170031,Panulirus femoristriga,NA,LC,White-whiskered Coral Crayfish
185064,Stereomastis auriculata,NA,LC,NA
185076,Galearctus aurora,NA,LC,NA
185036,Stereomastis suhmi,NA,LC,NA
16564,Peponocephala electra,NA,LC,Melon-headed Whale
20738,Steno bredanensis,NA,LC,Rough-toothed Dolphin
11047,Kogia breviceps,NA,DD,Pygmy Sperm Whale
20731,Stenella coeruleoalba,NA,LC,Striped Dolphin
2480,Balaenoptera bonaerensis,NA,NT,Antarctic Minke Whale
13246,Mesoplodon ginkgodens,NA,DD,Ginkgo-toothed Beaked Whale
23211,Ziphius cavirostris,NA,LC,Cuvier's Beaked Whale
15421,Orcinus orca,NA,DD,Killer Whale
41755,Physeter macrocephalus,NA,VU,Sperm Whale
22563,Tursiops truncatus,NA,LC,Common Bottlenose Dolphin
2476,Balaenoptera edeni,NA,LC,Bryde's Whale
11048,Kogia sima,NA,DD,Dwarf Sperm Whale
13244,Mesoplodon densirostris,NA,DD,Blainville's Beaked Whale
20733,Stenella longirostris,NA,LC,Spinner Dolphin
9249,Globicephala macrorhynchus,NA,LC,Short-finned Pilot Whale
13006,Megaptera novaeangliae,NA,LC,Humpback Whale
2475,Balaenoptera borealis,NA,EN,Sei Whale
9461,Grampus griseus,NA,LC,Risso's Dolphin
2477,Balaenoptera musculus,NA,EN,Blue Whale
11140,Lagenodelphis hosei,NA,LC,Fraser's Dolphin
2474,Balaenoptera acutorostrata,NA,LC,Common Minke Whale
18596,Pseudorca crassidens,NA,NT,False Killer Whale
8551,Feresa attenuata,NA,LC,Pygmy Killer Whale
20729,Stenella attenuata,NA,LC,Pantropical Spotted Dolphin
190193,Sphoeroides pachygaster,NA,LC,Blunthead Puffer
193705,Canthigaster rivulata,NA,LC,Brown-lined Puffer
193766,Canthigaster janthinoptera,NA,LC,Honeycomb Toby
193675,Canthigaster amboinensis,NA,LC,Spider-eye Puffer
193775,Canthigaster solandri,NA,LC,Spotted Sharpnose
190464,Lagocephalus lagocephalus,NA,LC,Oceanic Puffer
166947,Lagocephalus sceleratus,NA,LC,Silver-cheeked Toadfish
193796,Canthigaster valentini,NA,LC,Valentini's Sharpnose Puffer
193656,Canthigaster bennetti,NA,LC,Bennett's Sharpnose Puffer
193699,Arothron hispidus,NA,LC,White-spotted Puffer
193712,Arothron stellatus,NA,LC,Stellate Puffer
193662,Arothron meleagris,NA,LC,Guineafowl Puffer
8005,Eretmochelys imbricata,NA,CR,Hawksbill Turtle
84156809,Caretta caretta,South Pacific subpopulation,CR,Loggerhead Turtle
176738,Hydrophis platurus,NA,LC,Yellow-bellied Sea Snake
4615,Chelonia mydas,NA,EN,Green Turtle
180375,Holothuria leucospilota,NA,LC,White Thread Fish
180477,Stichopus chloronotus,NA,LC,Greenfish
200715,Holothuria fuscogilva,NA,VU,NA
180235,Holothuria hilla,NA,LC,NA
180367,Stichopus monotuberculatus,NA,DD,NA
180525,Holothuria pervicax,NA,LC,NA
180246,Holothuria difficilis,NA,LC,NA
180488,Stichopus horrens,NA,DD,Selenka's Sea Cucumber
180483,Holothuria flavomaculata,NA,LC,NA
180337,Actinopyga mauritiana,NA,VU,Surf Redfish
19720058,Mesothuria multipora,NA,DD,NA
180324,Thelenota anax,NA,DD,Amberfish
180499,Holothuria turriscelsa,NA,LC,NA
180286,Holothuria pardalis,NA,LC,NA
180500,Holothuria discrepans,NA,DD,NA
180440,Holothuria whitmaei,NA,EN,Black Teatfish
180236,Holothuria olivacea,NA,DD,NA
180315,Holothuria glandifera,NA,DD,NA
180512,Holothuria impatiens,NA,DD,Bottleneck Sea Cucumber
180400,Holothuria edulis,NA,LC,Pinkfish
180451,Holothuria hawaiiensis,NA,LC,NA
180494,Holothuria fuscocinerea,NA,LC,NA
180352,Bohadschia vitiensis,NA,DD,Brown Sandfish
180446,Holothuria stocki,NA,DD,NA
180386,Bohadschia similis,NA,DD,Brownspotted Sandfish
180541,Bohadschia argus,NA,LC,Leopardfish
180248,Pearsonothuria graeffei,NA,LC,Blackspotted Sea Cucumber
180421,Holothuria atra,NA,LC,Lollyfish
180265,Actinopyga miliaris,NA,VU,Harry Blackfish
180226,Holothuria erinaceaus,NA,LC,NA
19708732,Actinopyga varians,NA,DD,NA
180231,Holothuria verrucosa,NA,LC,NA
180437,Holothuria arenicola,NA,DD,NA
173352,Halophila decipiens,NA,LC,Paddle Grass
177955,Ctenochaetus binotatus,NA,LC,Two-spot Bristletooth
177950,Naso lituratus,NA,LC,Orange Spine Surgeonfish
178017,Acanthurus nigricauda,NA,LC,Blackstreak Surgeonfish
177970,Naso unicornis,NA,LC,Bluespine Unicornfish
178001,Zebrasoma rostratum,NA,DD,Longnose Tang
177990,Naso brevirostris,NA,LC,Palefin Unicornfish
178014,Ctenochaetus hawaiiensis,NA,LC,Hawaiian Bristletooth
177965,Acanthurus triostegus,NA,LC,Convict Surgeonfish
177989,Acanthurus xanthopterus,NA,LC,Yellowfin Surgeonfish
177983,Naso brachycentron,NA,LC,Humpback Unicornfish
177988,Naso annulatus,NA,LC,Whitemargin Unicornfish
177993,Acanthurus lineatus,NA,LC,Lined Surgeonfish
155120,Naso vlamingii,NA,LC,Bignose Unicornfish
177995,Acanthurus guttatus,NA,LC,Whitespotted Surgeonfish
177964,Ctenochaetus marginatus,NA,LC,Blue-spotted Bristletooth
178008,Acanthurus thompsoni,NA,LC,Thompson's Surgeonfish
177969,Acanthurus nigricans,NA,LC,Golden Rim Surgeonfish
178022,Acanthurus pyroferus,NA,LC,Mimic Surgeonfish
177991,Acanthurus olivaceus,NA,LC,Orange band Surgeonfish
178011,Acanthurus leucopareius,NA,LC,Whitebar Surgeonfish
178010,Zebrasoma veliferum,NA,LC,Sailfin Tang
178013,Naso caesius,NA,LC,Gray Unicornfish
178005,Zebrasoma scopas,NA,LC,Brushtail Tang
177960,Acanthurus achilles,NA,LC,Achilles Tang
177971,Acanthurus blochii,NA,LC,Ringtail Surgeonfish
178018,Ctenochaetus flavicauda,NA,LC,Whitetail Bristletooth
178019,Acanthurus nigrofuscus,NA,LC,Brown Surgeonfish
178002,Naso hexacanthus,NA,LC,Sleek Unicornfish
177967,Acanthurus mata,NA,LC,Elongate Surgeonfish
177961,Acanthurus nubilus,NA,LC,Dropoff Surgeonfish
178012,Ctenochaetus striatus,NA,LC,Striped Bristletooth
6814,Dunckerocampus dactyliophorus,NA,DD,Banded Pipefish
16781113,Fistularia petimba,NA,LC,Red Cornetfish
18257780,Fistularia commersonii,NA,LC,Bluespotted Cornetfish
181547,Microphis brachyurus,NA,LC,Opossum Pipefish
183214,Doryrhamphus excisus,NA,LC,Bluestripe Pipefish
196441,Microphis argulus,NA,LC,Flat-nosed Pipefish 
65364553,Choeroichthys sculptus,NA,LC,Sculptured Pipefish 
65364818,Corythoichthys flavofasciatus,NA,LC,Network Pipefish
65365012,Corythoichthys nigripectus,NA,LC,Black-breasted Pipefish
65365838,Cosmocampus howensis,NA,LC,Lord Howe pipefish
65134886,Aulostomus chinensis,NA,LC,Chinese Trumpetfish
65370525,Micrognathus brevirostris,NA,LC,Pygmy Pipefish
65371194,Minyichthys myersi,NA,LC,Myers' Pipefish
8407,Eurypegasus draconis,NA,LC,Short Dragonfish
170342,Gymnosarda unicolor,NA,LC,Dogtooth Tuna
170310,Katsuwonus pelamis,NA,LC,Skipjack Tuna
170336,Euthynnus affinis,NA,LC,Kawakawa
170341,Thunnus orientalis,NA,VU,Pacific Bluefin Tuna
21857,Thunnus albacares,NA,NT,Yellowfin Tuna
170314,Makaira nigricans,NA,VU,Blue Marlin
170315,Tetrapturus angustirostris,NA,DD,Shortbill Spearfish
21856,Thunnus alalunga,NA,NT,Albacore Tuna
23148,Xiphias gladius,NA,LC,Swordfish
170309,Kajikia audax,NA,NT,Striped Marlin
21859,Thunnus obesus,NA,VU,Bigeye Tuna
170338,Istiophorus platypterus,NA,LC,Sailfish
170312,Istiompax indica,NA,DD,Black Marlin
154623,Cheilinus trilobatus,NA,LC,Tripletail Wrasse
155146,Anampses melanurus,NA,LC,White-spotted Wrasse
187382,Halichoeres marginatus,NA,LC,Dusky Wrasse
187384,Cheilinus chlorourus,NA,LC,White-dotted maori wrasse
187407,Wetmorella nigropinnata,NA,LC,Yellow-banded possum wrasse
187411,Iniistius pentadactylus,NA,LC,Red-spot razor wrasse
187436,Coris gaimard,NA,LC,African clown wrasse
187441,Novaculichthys taeniourus,NA,LC,Olive-scribbled wrasse
187461,Cirrhilabrus exquisitus,NA,DD,Exquisite wrasse
187477,Pseudocheilinus hexataenia,NA,LC,Six-line wrasse
187490,Thalassoma amblycephalum,NA,LC,Bluntheaded wrasse
187530,Cymolutes torquatus,NA,LC,Finescale razorfish
187559,Thalassoma hardwicke,NA,LC,Six-banded wrasse
187586,Pseudojuloides atavai,NA,DD,Polynesian slender wrasse
187642,Pseudocoris aurantiofasciata,NA,LC,Rust-banded wrasse
187673,Halichoeres hortulanus,NA,LC,Checkerboard wrasse
187674,Oxycheilinus unifasciatus,NA,LC,Whiteband maori wrasse
187685,Thalassoma lutescens,NA,LC,Yellow-brown wrasse
187718,Oxycheilinus arenatus,NA,LC,Thin-line maori wrasse
187722,Epibulus insidiator,NA,LC,Sling-jaw wrasse
187733,Thalassoma quinquevittatum,NA,LC,Five striped surge wrasse
187737,Oxycheilinus lineatus,NA,LC,NA
187740,Pseudocheilinus tetrataenia,NA,LC,Four-lined wrasse
187743,Labropsis polynesica,NA,LC,NA
187746,Thalassoma purpureum,NA,LC,Purple wrasse
187777,Polylepion russelli,NA,LC,Yellowstriped hogfish
190688,Calotomus carolinus,NA,LC,Carolines Parrotfish
190691,Cetoscarus ocellatus,NA,LC,Bicolor Parrotfish
190694,Scarus globiceps,NA,LC,Globehead Parrotfish
190726,Scarus altipinnis,NA,LC,Filament-finned Parrotfish
190728,Chlorurus microrhinos,NA,LC,Steephead Parrotfish
190736,Scarus psittacus,NA,LC,Common Parrotfish
190740,Scarus niger,NA,LC,Dusky Parrotfish
190747,Scarus forsteni,NA,LC,Forsten's Parrotfish
190749,Scarus pyrrostethus,NA,LC,Blue Banded Parrotfish
154960,Scarus oviceps,NA,LC,Blue Parrotfish
155290,Scarus schlegeli,NA,LC,Yellowband Parrotfish
155314,Pseudocheilinus ocellatus,NA,LC,White-barred Pink Wrasse
187373,Hemigymnus fasciatus,NA,LC,Barred thicklip wrasse
187383,Cheilio inermis,NA,LC,Sharp-nosed rainbowfish
187396,Labroides dimidiatus,NA,LC,Blue-streak cleaner wrasse
187424,Stethojulis bandanensis,NA,LC,Red-spot rainbowfish
187443,Halichoeres margaritaceus,NA,LC,Pearl-spotted wrasse
187474,Halichoeres trimaculatus,NA,LC,Three-spot wrasse
187489,Stethojulis strigiventer,NA,LC,Silver-streaked rainbowfish
187516,Bodianus axillaris,NA,LC,Turncoat hogfish
187523,Oxycheilinus bimaculatus,NA,LC,Twospot maori wrasse
187536,Gomphosus varius,NA,LC,Purple club-nosed wrasse
187556,Wetmorella albofasciata,NA,LC,Whitebanded sharpnose wrasse
187564,Halichoeres melasmapomus,NA,LC,Ocellated wrasse
187599,Cirrhilabrus scottorum,NA,LC,Scott's wrasse
187621,Pseudocheilinus octotaenia,NA,LC,Eightstripe wrasse
187626,Pseudojuloides cerasinus,NA,DD,Long blue-lined wrasse
187649,Cheilinus oxycephalus,NA,LC,Point-head maori wrasse
187658,Pseudocheilinus evanidus,NA,LC,Disappearing wrasse
187681,Cymolutes praetextatus,NA,LC,Knife razorfish
187692,Macropharyngodon meleagris,NA,LC,Blackspotted wrasse
187698,Hologymnosus annulatus,NA,LC,Narrow-banded rainbowfish
187699,Halichoeres claudia,NA,LC,NA
187705,Iniistius pavo,NA,LC,Indianfish blue razorfish
187707,Thalassoma trilobatum,NA,LC,Green-blocked wrasse
187713,Pseudodax moluccanus,NA,LC,Chisel-tooth wrasse
187715,Bodianus anthioides,NA,LC,Lyre-tail hogfish
187716,Anampses caeruleopunctatus,NA,LC,Bluespotted Wrasse
187723,Anampses meleagrides,NA,LC,Spotted Wrasse
187755,Labroides rubrolabiatus,NA,LC,Redlip cleaner wrasse
187767,Labroides bicolor,NA,LC,Two-colour cleaner wrasse
187782,Xyrichtys halsteadi,NA,LC,Halstead's razorfish
187784,Anampses twistii,NA,LC,Yellowbreasted Wrasse
187802,Coris aygula,NA,LC,False clownwrasse
190704,Scarus tricolor,NA,LC,Tricolour Parrotfish
190727,Chlorurus spilurus,NA,LC,Bullethead Parrotfish
190731,Scarus rubroviolaceus,NA,LC,Ember Parrotfish
190745,Hipposcarus longiceps,NA,LC,Pacific Longnose Parrotfish
190755,Scarus frenatus,NA,LC,Bridled Parrotfish
190756,Leptoscarus vaigiensis,NA,LC,Marbled Parrotfish
190762,Chlorurus frontalis,NA,LC,Tan-faced Parrotfish
22695363,Circus approximans,NA,LC,Swamp Harrier
22696980,Egretta sacra,NA,LC,Pacific Reef-egret
22698465,Fregetta grallaria,NA,LC,White-bellied Storm-petrel
22698459,Fregetta tropica,NA,LC,Black-bellied Storm-petrel
22698393,Thalassarche eremita,NA,VU,Chatham Albatross
22694821,Gygis alba,NA,LC,Common White Tern
22698436,Oceanites oceanicus,NA,LC,Wilson's Storm-petrel
22698471,Nesofregetta fuliginosa,NA,EN,Polynesian Storm-petrel
22693182,Numenius tahitiensis,NA,VU,Bristle-thighed Curlew
22694722,Onychoprion lunatus,NA,LC,Grey-backed Tern
22698453,Pelagodroma marina,NA,LC,White-faced Storm-petrel
22727746,Anous ceruleus,NA,LC,Blue Noddy
22697925,Pseudobulweria rostrata,NA,NT,Tahiti Petrel
22698027,Pterodroma neglecta,NA,LC,Kermadec Petrel
22698001,Pterodroma alba,NA,EN,Phoenix Petrel
22697957,Pterodroma cervicalis,NA,VU,White-necked Petrel
22698012,Pterodroma heraldica,NA,LC,Herald Petrel
22734070,Puffinus bailloni,NA,LC,Tropical Shearwater
22698222,Puffinus nativitatis,NA,LC,Christmas Shearwater
22694571,Thalasseus bergii,NA,LC,Greater Crested Tern
22693305,Tringa incana,NA,LC,Wandering Tattler
22692705,Zapornia tabuensis,NA,LC,Spotless Crake
22728442,Pterodroma atrata,NA,EN,Henderson Petrel
104006414,Hirundo tahitica,NA,LC,Tahiti Swallow
22698150,Procellaria parkinsoni,NA,VU,Black Petrel
22697975,Pterodroma cookii,NA,VU,Cook's Petrel
22697963,Pterodroma inexpectata,NA,NT,Mottled Petrel
22697954,Pterodroma nigripennis,NA,LC,Black-winged Petrel
22697970,Pterodroma leucoptera,NA,VU,White-winged Petrel
22698039,Pterodroma ultima,NA,NT,Murphy's Petrel
22736173,Sula dactylatra,NA,LC,Masked Booby
22696698,Sula leucogaster,NA,LC,Brown Booby
22696694,Sula sula,NA,LC,Red-footed Booby
22698182,Ardenna bulleri,NA,VU,Buller's Shearwater
22697987,Pterodroma brevipes,NA,VU,Collared Petrel
22696641,Phaethon rubricauda,NA,LC,Red-tailed Tropicbird
22680217,Anas superciliosa,NA,LC,Pacific Black Duck
22694794,Anous stolidus,NA,LC,Brown Noddy
22694799,Anous minutus,NA,LC,Black Noddy
22693336,Arenaria interpres,NA,LC,Ruddy Turnstone
22728182,Butorides striata,NA,LC,Green-backed Heron
22697738,Fregata ariel,NA,LC,Lesser Frigatebird
22696645,Phaethon lepturus,NA,LC,White-tailed Tropicbird
22698175,Ardenna pacifica,NA,LC,Wedge-tailed Shearwater
22698216,Ardenna tenuirostris,NA,LC,Short-tailed Shearwater
22697733,Fregata minor,NA,LC,Great Frigatebird
22694740,Onychoprion fuscatus,NA,LC,Sooty Tern
