.id,sciname,year,code,category
pluvialis fulva,pluvialis fulva,2016,LC,Least Concern
pluvialis fulva,pluvialis fulva,2012,LC,Least Concern
pluvialis fulva,pluvialis fulva,2009,LC,Least Concern
pluvialis fulva,pluvialis fulva,2008,LC,Least Concern
pluvialis fulva,pluvialis fulva,2004,LC,Least Concern
pluvialis fulva,pluvialis fulva,2000,LR/lc,Lower Risk/least concern
pluvialis fulva,pluvialis fulva,1994,LR/lc,Lower Risk/least concern
pluvialis fulva,pluvialis fulva,1988,LR/lc,Lower Risk/least concern
gymnothorax pictus,gymnothorax pictus,2019,LC,Least Concern
myripristis murdjan,myripristis murdjan,2016,LC,Least Concern
chlorurus sordidus,chlorurus sordidus,2012,LC,Least Concern
chlorurus sordidus,chlorurus sordidus,2010,LC,Least Concern
sargocentron spiniferum,sargocentron spiniferum,2016,LC,Least Concern
zanclus cornutus,zanclus cornutus,2016,LC,Least Concern
gnathodentex aureolineatus,gnathodentex aureolineatus,2016,LC,Least Concern
chanos chanos,chanos chanos,2019,LC,Least Concern
chanos chanos,chanos chanos,2017,LC,Least Concern
caranx ignobilis,caranx ignobilis,2016,LC,Least Concern
neoniphon argenteus,neoniphon argenteus,2016,LC,Least Concern
gymnothorax javanicus,gymnothorax javanicus,2019,LC,Least Concern
synodus jaculum,synodus jaculum,2016,LC,Least Concern
dactyloptena orientalis,dactyloptena orientalis,2016,LC,Least Concern
mulloidichthys flavolineatus,mulloidichthys flavolineatus,2016,LC,Least Concern
carangoides ferdau,carangoides ferdau,2016,LC,Least Concern
lutjanus fulvus,lutjanus fulvus,2016,LC,Least Concern
parupeneus barberinus,parupeneus barberinus,2016,LC,Least Concern
carcharhinus melanopterus,carcharhinus melanopterus,2009,NT,Near Threatened
carcharhinus melanopterus,carcharhinus melanopterus,2000,LR/nt,Lower Risk/near threatened
dermochelys coriacea,dermochelys coriacea,2013,VU,Vulnerable
dermochelys coriacea,dermochelys coriacea,2000,CR,Critically Endangered
dermochelys coriacea,dermochelys coriacea,1996,EN,Endangered
dermochelys coriacea,dermochelys coriacea,1994,E,Endangered
dermochelys coriacea,dermochelys coriacea,1990,E,Endangered
dermochelys coriacea,dermochelys coriacea,1988,E,Endangered
dermochelys coriacea,dermochelys coriacea,1986,E,Endangered
dermochelys coriacea,dermochelys coriacea,1982,E,Endangered
birgus latro,birgus latro,1996,DD,Data Deficient
birgus latro,birgus latro,1994,R,Rare
birgus latro,birgus latro,1990,R,Rare
birgus latro,birgus latro,1988,R,Rare
birgus latro,birgus latro,1986,R,Rare
birgus latro,birgus latro,1983,R,Rare
octopus cyanea,octopus cyanea,2018,LC,Least Concern
tridacna maxima,tridacna maxima,1996,LR/cd,Lower Risk/conservation dependent
tridacna maxima,tridacna maxima,1994,K,Insufficiently Known
tridacna maxima,tridacna maxima,1990,K,Insufficiently Known
tridacna maxima,tridacna maxima,1988,K,Insufficiently Known
tridacna maxima,tridacna maxima,1986,K,Insufficiently Known
tridacna maxima,tridacna maxima,1983,K,Insufficiently Known
lepidochelys olivacea,lepidochelys olivacea,2008,VU,Vulnerable
lepidochelys olivacea,lepidochelys olivacea,1996,EN,Endangered
lepidochelys olivacea,lepidochelys olivacea,1994,E,Endangered
lepidochelys olivacea,lepidochelys olivacea,1990,E,Endangered
lepidochelys olivacea,lepidochelys olivacea,1988,E,Endangered
lepidochelys olivacea,lepidochelys olivacea,1986,E,Endangered
lepidochelys olivacea,lepidochelys olivacea,1982,E,Endangered
centropyge bispinosa,centropyge bispinosa,2010,LC,Least Concern
centropyge flavissima,centropyge flavissima,2010,LC,Least Concern
centropyge multicolor,centropyge multicolor,2010,LC,Least Concern
centropyge heraldi,centropyge heraldi,2010,LC,Least Concern
pygoplites diacanthus,pygoplites diacanthus,2010,LC,Least Concern
genicanthus bellus,genicanthus bellus,2010,LC,Least Concern
genicanthus watanabei,genicanthus watanabei,2010,LC,Least Concern
centropyge fisheri,centropyge fisheri,2010,LC,Least Concern
pomacanthus imperator,pomacanthus imperator,2010,LC,Least Concern
paracentropyge multifasciata,paracentropyge multifasciata,2010,LC,Least Concern
centropyge loricula,centropyge loricula,2010,LC,Least Concern
elops hawaiensis,elops hawaiensis,2012,DD,Data Deficient
albula argentea,albula argentea,2012,DD,Data Deficient
chaetodon ephippium,chaetodon ephippium,2010,LC,Least Concern
chaetodon flavirostris,chaetodon flavirostris,2010,LC,Least Concern
chaetodon auriga,chaetodon auriga,2010,LC,Least Concern
chaetodon semeion,chaetodon semeion,2010,LC,Least Concern
chaetodon lineolatus,chaetodon lineolatus,2010,LC,Least Concern
chaetodon citrinellus,chaetodon citrinellus,2010,LC,Least Concern
chaetodon trifascialis,chaetodon trifascialis,2010,NT,Near Threatened
chaetodon quadrimaculatus,chaetodon quadrimaculatus,2010,LC,Least Concern
heniochus monoceros,heniochus monoceros,2010,LC,Least Concern
forcipiger longirostris,forcipiger longirostris,2010,LC,Least Concern
hemitaurichthys thompsoni,hemitaurichthys thompsoni,2010,LC,Least Concern
heniochus chrysostomus,heniochus chrysostomus,2010,LC,Least Concern
chaetodon bennetti,chaetodon bennetti,2010,DD,Data Deficient
hemitaurichthys polylepis,hemitaurichthys polylepis,2010,LC,Least Concern
chaetodon lunula,chaetodon lunula,2010,LC,Least Concern
chaetodon ornatissimus,chaetodon ornatissimus,2010,LC,Least Concern
chaetodon reticulatus,chaetodon reticulatus,2010,DD,Data Deficient
chaetodon mertensii,chaetodon mertensii,2010,LC,Least Concern
chaetodon trichrous,chaetodon trichrous,2010,LC,Least Concern
chaetodon lunulatus,chaetodon lunulatus,2010,LC,Least Concern
heniochus varius,heniochus varius,2010,LC,Least Concern
chaetodon ulietensis,chaetodon ulietensis,2010,LC,Least Concern
forcipiger flavissimus,forcipiger flavissimus,2010,LC,Least Concern
chaetodon unimaculatus,chaetodon unimaculatus,2010,LC,Least Concern
chaetodon rafflesii,chaetodon rafflesii,2010,LC,Least Concern
chaetodon vagabundus,chaetodon vagabundus,2010,LC,Least Concern
heniochus acuminatus,heniochus acuminatus,2010,LC,Least Concern
chaetodon pelewensis,chaetodon pelewensis,2010,LC,Least Concern
euprotomicrus bispinatus,euprotomicrus bispinatus,2015,LC,Least Concern
euprotomicrus bispinatus,euprotomicrus bispinatus,2006,LC,Least Concern
sphyrna lewini,sphyrna lewini,2019,CR,Critically Endangered
sphyrna lewini,sphyrna lewini,2009,EN,Endangered
sphyrna lewini,sphyrna lewini,2000,LR/nt,Lower Risk/near threatened
carcharhinus amblyrhynchos,carcharhinus amblyrhynchos,2009,NT,Near Threatened
carcharhinus amblyrhynchos,carcharhinus amblyrhynchos,2000,LR/nt,Lower Risk/near threatened
prionace glauca,prionace glauca,2019,NT,Near Threatened
prionace glauca,prionace glauca,2009,NT,Near Threatened
prionace glauca,prionace glauca,2000,LR/nt,Lower Risk/near threatened
negaprion acutidens,negaprion acutidens,2003,VU,Vulnerable
alopias pelagicus,alopias pelagicus,2019,EN,Endangered
alopias pelagicus,alopias pelagicus,2009,VU,Vulnerable
aetobatus narinari,aetobatus narinari,2006,NT,Near Threatened
aetobatus narinari,aetobatus narinari,2000,DD,Data Deficient
carcharhinus leucas,carcharhinus leucas,2009,NT,Near Threatened
carcharhinus leucas,carcharhinus leucas,2000,LR/nt,Lower Risk/near threatened
carcharodon carcharias,carcharodon carcharias,2019,VU,Vulnerable
carcharodon carcharias,carcharodon carcharias,2009,VU,Vulnerable
carcharodon carcharias,carcharodon carcharias,2000,VU,Vulnerable
carcharodon carcharias,carcharodon carcharias,1996,VU,Vulnerable
carcharodon carcharias,carcharodon carcharias,1994,K,Insufficiently Known
carcharodon carcharias,carcharodon carcharias,1990,K,Insufficiently Known
aetobatus ocellatus,aetobatus ocellatus,2016,VU,Vulnerable
triaenodon obesus,triaenodon obesus,2009,NT,Near Threatened
triaenodon obesus,triaenodon obesus,2000,LR/nt,Lower Risk/near threatened
alopias vulpinus,alopias vulpinus,2019,VU,Vulnerable
alopias vulpinus,alopias vulpinus,2009,VU,Vulnerable
alopias vulpinus,alopias vulpinus,2002,DD,Data Deficient
alopias vulpinus,alopias vulpinus,2000,DD,Data Deficient
nebrius ferrugineus,nebrius ferrugineus,2003,VU,Vulnerable
gymnura poecilura,gymnura poecilura,2006,NT,Near Threatened
sphyrna mokarran,sphyrna mokarran,2019,CR,Critically Endangered
sphyrna mokarran,sphyrna mokarran,2007,EN,Endangered
sphyrna mokarran,sphyrna mokarran,2000,DD,Data Deficient
isurus paucus,isurus paucus,2019,EN,Endangered
isurus paucus,isurus paucus,2006,VU,Vulnerable
pseudocarcharias kamoharai,pseudocarcharias kamoharai,2019,LC,Least Concern
pseudocarcharias kamoharai,pseudocarcharias kamoharai,2009,NT,Near Threatened
pseudocarcharias kamoharai,pseudocarcharias kamoharai,2000,LR/nt,Lower Risk/near threatened
galeocerdo cuvier,galeocerdo cuvier,2019,NT,Near Threatened
galeocerdo cuvier,galeocerdo cuvier,2009,NT,Near Threatened
galeocerdo cuvier,galeocerdo cuvier,2000,LR/nt,Lower Risk/near threatened
pteroplatytrygon violacea,pteroplatytrygon violacea,2019,LC,Least Concern
pteroplatytrygon violacea,pteroplatytrygon violacea,2009,LC,Least Concern
megachasma pelagios,megachasma pelagios,2019,LC,Least Concern
megachasma pelagios,megachasma pelagios,2015,LC,Least Concern
megachasma pelagios,megachasma pelagios,2005,DD,Data Deficient
megachasma pelagios,megachasma pelagios,2000,DD,Data Deficient
isurus oxyrinchus,isurus oxyrinchus,2019,EN,Endangered
isurus oxyrinchus,isurus oxyrinchus,2009,VU,Vulnerable
isurus oxyrinchus,isurus oxyrinchus,2000,LR/nt,Lower Risk/near threatened
mobula alfredi,mobula alfredi,2019,VU,Vulnerable
mobula alfredi,mobula alfredi,2011,VU,Vulnerable
carcharhinus albimarginatus,carcharhinus albimarginatus,2016,VU,Vulnerable
carcharhinus albimarginatus,carcharhinus albimarginatus,2009,NT,Near Threatened
carcharhinus limbatus,carcharhinus limbatus,2009,NT,Near Threatened
carcharhinus limbatus,carcharhinus limbatus,2000,LR/nt,Lower Risk/near threatened
carcharhinus limbatus,carcharhinus limbatus,1996,VU,Vulnerable
carcharhinus falciformis,carcharhinus falciformis,2017,VU,Vulnerable
carcharhinus falciformis,carcharhinus falciformis,2016,NT,Near Threatened
carcharhinus falciformis,carcharhinus falciformis,2009,NT,Near Threatened
carcharhinus falciformis,carcharhinus falciformis,2000,LR/lc,Lower Risk/least concern
carcharhinus galapagensis,carcharhinus galapagensis,2019,LC,Least Concern
carcharhinus galapagensis,carcharhinus galapagensis,2003,NT,Near Threatened
mobula birostris,mobula birostris,2018,VU,Vulnerable
mobula birostris,mobula birostris,2011,VU,Vulnerable
rhincodon typus,rhincodon typus,2016,EN,Endangered
rhincodon typus,rhincodon typus,2005,VU,Vulnerable
rhincodon typus,rhincodon typus,2000,VU,Vulnerable
rhincodon typus,rhincodon typus,1996,DD,Data Deficient
rhincodon typus,rhincodon typus,1994,I,Indeterminate
rhincodon typus,rhincodon typus,1990,I,Indeterminate
carcharhinus longimanus,carcharhinus longimanus,2019,CR,Critically Endangered
carcharhinus longimanus,carcharhinus longimanus,2015,VU,Vulnerable
carcharhinus longimanus,carcharhinus longimanus,2006,VU,Vulnerable
carcharhinus longimanus,carcharhinus longimanus,2000,LR/nt,Lower Risk/near threatened
encrasicholina punctifer,encrasicholina punctifer,2017,LC,Least Concern
praealticus caesius,praealticus caesius,2014,LC,Least Concern
entomacrodus sealei,entomacrodus sealei,2014,LC,Least Concern
blenniella gibbifrons,blenniella gibbifrons,2014,LC,Least Concern
blenniella chrysospilos,blenniella chrysospilos,2014,LC,Least Concern
enneapterygius triserialis,enneapterygius triserialis,2014,LC,Least Concern
enneapterygius nigricauda,enneapterygius nigricauda,2014,LC,Least Concern
cirripectes fuscoguttatus,cirripectes fuscoguttatus,2014,LC,Least Concern
atrosalarias fuscus,atrosalarias fuscus,2014,LC,Least Concern
entomacrodus decussatus,entomacrodus decussatus,2014,LC,Least Concern
aspidontus taeniatus,aspidontus taeniatus,2014,LC,Least Concern
atrosalarias holomelas,atrosalarias holomelas,2014,LC,Least Concern
aspidontus dussumieri,aspidontus dussumieri,2014,LC,Least Concern
cirripectes variolosus,cirripectes variolosus,2014,LC,Least Concern
enneapterygius fuscoventer,enneapterygius fuscoventer,2014,LC,Least Concern
blenniella caudolineata,blenniella caudolineata,2014,LC,Least Concern
enchelyurus ater,enchelyurus ater,2014,LC,Least Concern
entomacrodus caudofasciatus,entomacrodus caudofasciatus,2014,LC,Least Concern
norfolkia thomasi,norfolkia thomasi,2014,LC,Least Concern
enneapterygius rhabdotus,enneapterygius rhabdotus,2014,LC,Least Concern
enneapterygius tutuilae,enneapterygius tutuilae,2014,LC,Least Concern
helcogramma chica,helcogramma chica,2014,LC,Least Concern
cirripectes jenningsi,cirripectes jenningsi,2014,LC,Least Concern
blenniella paula,blenniella paula,2014,LC,Least Concern
entomacrodus thalassinus,entomacrodus thalassinus,2014,LC,Least Concern
alticus arnoldorum,alticus arnoldorum,2014,LC,Least Concern
stanulus seychellensis,stanulus seychellensis,2014,LC,Least Concern
istiblennius edentulus,istiblennius edentulus,2014,LC,Least Concern
exallias brevis,exallias brevis,2014,LC,Least Concern
enneapterygius pyramis,enneapterygius pyramis,2014,LC,Least Concern
cirripectes quagga,cirripectes quagga,2014,LC,Least Concern
istiblennius lineatus,istiblennius lineatus,2014,LC,Least Concern
plagiotremus rhinorhynchos,plagiotremus rhinorhynchos,2014,LC,Least Concern
plagiotremus tapeinosoma,plagiotremus tapeinosoma,2014,LC,Least Concern
entomacrodus striatus,entomacrodus striatus,2014,LC,Least Concern
petroscirtes xestus,petroscirtes xestus,2014,LC,Least Concern
conus planorbis,conus planorbis,2013,LC,Least Concern
conus miles,conus miles,2013,LC,Least Concern
conus coronatus,conus coronatus,2013,LC,Least Concern
conus pulicarius,conus pulicarius,2013,LC,Least Concern
conus lividus,conus lividus,2013,LC,Least Concern
conus pertusus,conus pertusus,2013,LC,Least Concern
conus ebraeus,conus ebraeus,2013,LC,Least Concern
conus auricomus,conus auricomus,2013,LC,Least Concern
conus acutangulus,conus acutangulus,2013,LC,Least Concern
conus bullatus,conus bullatus,2013,LC,Least Concern
conus sanguinolentus,conus sanguinolentus,2013,LC,Least Concern
conus muriculatus,conus muriculatus,2013,LC,Least Concern
conus bandanus,conus bandanus,2013,LC,Least Concern
conus circumcisus,conus circumcisus,2013,LC,Least Concern
conus coffeae,conus coffeae,2013,LC,Least Concern
conus mitratus,conus mitratus,2013,LC,Least Concern
conus varius,conus varius,2013,LC,Least Concern
conus legatus,conus legatus,2013,LC,Least Concern
conus tulipa,conus tulipa,2013,LC,Least Concern
conus vexillum,conus vexillum,2013,LC,Least Concern
conus quercinus,conus quercinus,2013,LC,Least Concern
conus armadillo,conus armadillo,2013,LC,Least Concern
conus obscurus,conus obscurus,2013,LC,Least Concern
conus eburneus,conus eburneus,2013,LC,Least Concern
conus aureus,conus aureus,2013,LC,Least Concern
conus rattus,conus rattus,2013,LC,Least Concern
conus retifer,conus retifer,2013,LC,Least Concern
conus imperialis,conus imperialis,2013,LC,Least Concern
conus striatus,conus striatus,2013,LC,Least Concern
conus canonicus,conus canonicus,2013,LC,Least Concern
conus textile,conus textile,2013,LC,Least Concern
conus catus,conus catus,2013,LC,Least Concern
conus nussatella,conus nussatella,2013,LC,Least Concern
conus generalis,conus generalis,2013,LC,Least Concern
conus glans,conus glans,2013,LC,Least Concern
conus moreleti,conus moreleti,2013,LC,Least Concern
conus flavidus,conus flavidus,2013,LC,Least Concern
conus tessulatus,conus tessulatus,2013,LC,Least Concern
conus tenuistriatus,conus tenuistriatus,2013,LC,Least Concern
conus episcopatus,conus episcopatus,2013,LC,Least Concern
conus frigidus,conus frigidus,2013,LC,Least Concern
conus sponsalis,conus sponsalis,2013,LC,Least Concern
conus virgo,conus virgo,2013,LC,Least Concern
conus cylindraceus,conus cylindraceus,2013,LC,Least Concern
conus emaciatus,conus emaciatus,2013,LC,Least Concern
conus distans,conus distans,2013,LC,Least Concern
conus litteratus,conus litteratus,2013,LC,Least Concern
conus terebra,conus terebra,2013,LC,Least Concern
conus arenatus,conus arenatus,2013,LC,Least Concern
conus aulicus,conus aulicus,2013,LC,Least Concern
conus geographus,conus geographus,2013,LC,Least Concern
conus ferrugineus,conus ferrugineus,2013,LC,Least Concern
conus litoglyphus,conus litoglyphus,2013,LC,Least Concern
conus magnificus,conus magnificus,2013,LC,Least Concern
conus adamsonii,conus adamsonii,2013,LC,Least Concern
conus chaldaeus,conus chaldaeus,2013,LC,Least Concern
conus leopardus,conus leopardus,2013,LC,Least Concern
goniopora somaliensis,goniopora somaliensis,2014,LC,Least Concern
goniopora somaliensis,goniopora somaliensis,2008,LC,Least Concern
leptastrea transversa,leptastrea transversa,2014,LC,Least Concern
leptastrea transversa,leptastrea transversa,2008,LC,Least Concern
montipora verrilli,montipora verrilli,2014,DD,Data Deficient
montipora verrilli,montipora verrilli,2008,DD,Data Deficient
leptoseris mycetoseroides,leptoseris mycetoseroides,2014,LC,Least Concern
leptoseris mycetoseroides,leptoseris mycetoseroides,2008,LC,Least Concern
leptoseris scabra,leptoseris scabra,2014,LC,Least Concern
leptoseris scabra,leptoseris scabra,2008,LC,Least Concern
montipora informis,montipora informis,2014,LC,Least Concern
montipora informis,montipora informis,2008,LC,Least Concern
pavona cactus,pavona cactus,2014,VU,Vulnerable
pavona cactus,pavona cactus,2008,VU,Vulnerable
acropora retusa,acropora retusa,2008,VU,Vulnerable
acropora tenuis,acropora tenuis,2014,NT,Near Threatened
acropora tenuis,acropora tenuis,2008,NT,Near Threatened
favia pallida,favia pallida,2014,LC,Least Concern
favia pallida,favia pallida,2008,LC,Least Concern
acropora clathrata,acropora clathrata,2008,LC,Least Concern
turbinaria frondens,turbinaria frondens,2008,LC,Least Concern
pavona frondifera,pavona frondifera,2014,LC,Least Concern
pavona frondifera,pavona frondifera,2008,LC,Least Concern
acropora cytherea,acropora cytherea,2008,LC,Least Concern
acropora rambleri,acropora rambleri,2014,DD,Data Deficient
acropora rambleri,acropora rambleri,2008,DD,Data Deficient
podabacia crustacea,podabacia crustacea,2014,LC,Least Concern
podabacia crustacea,podabacia crustacea,2008,LC,Least Concern
fungia moluccensis,fungia moluccensis,2008,LC,Least Concern
astreopora myriophthalma,astreopora myriophthalma,2014,LC,Least Concern
astreopora myriophthalma,astreopora myriophthalma,2008,LC,Least Concern
montipora australiensis,montipora australiensis,2008,VU,Vulnerable
leptoria phrygia,leptoria phrygia,2014,NT,Near Threatened
leptoria phrygia,leptoria phrygia,2008,NT,Near Threatened
alveopora allingi,alveopora allingi,2014,VU,Vulnerable
alveopora allingi,alveopora allingi,2008,VU,Vulnerable
acropora inermis,acropora inermis,2008,DD,Data Deficient
barabattoia laddi,barabattoia laddi,2014,VU,Vulnerable
barabattoia laddi,barabattoia laddi,2008,VU,Vulnerable
psammocora nierstraszi,psammocora nierstraszi,2008,LC,Least Concern
acropora nana,acropora nana,2008,NT,Near Threatened
acropora samoensis,acropora samoensis,2014,LC,Least Concern
acropora samoensis,acropora samoensis,2008,LC,Least Concern
pachyseris speciosa,pachyseris speciosa,2014,LC,Least Concern
pachyseris speciosa,pachyseris speciosa,2008,LC,Least Concern
favia stelligera,favia stelligera,2014,NT,Near Threatened
favia stelligera,favia stelligera,2008,NT,Near Threatened
stylophora pistillata,stylophora pistillata,2014,NT,Near Threatened
stylophora pistillata,stylophora pistillata,2008,NT,Near Threatened
acropora speciosa,acropora speciosa,2008,VU,Vulnerable
plerogyra sinuosa,plerogyra sinuosa,2014,NT,Near Threatened
plerogyra sinuosa,plerogyra sinuosa,2008,NT,Near Threatened
goniastrea australensis,goniastrea australensis,2014,LC,Least Concern
goniastrea australensis,goniastrea australensis,2008,LC,Least Concern
acropora glauca,acropora glauca,2008,NT,Near Threatened
acropora abrotanoides,acropora abrotanoides,2014,LC,Least Concern
acropora abrotanoides,acropora abrotanoides,2008,LC,Least Concern
favia rotumana,favia rotumana,2014,LC,Least Concern
favia rotumana,favia rotumana,2008,LC,Least Concern
porites vaughani,porites vaughani,2014,LC,Least Concern
porites vaughani,porites vaughani,2008,LC,Least Concern
pavona varians,pavona varians,2014,LC,Least Concern
pavona varians,pavona varians,2008,LC,Least Concern
psammocora haimeana,psammocora haimeana,2014,LC,Least Concern
psammocora haimeana,psammocora haimeana,2008,LC,Least Concern
echinophyllia aspera,echinophyllia aspera,2014,LC,Least Concern
echinophyllia aspera,echinophyllia aspera,2008,LC,Least Concern
montipora angulata,montipora angulata,2008,VU,Vulnerable
acropora austera,acropora austera,2008,NT,Near Threatened
pavona maldivensis,pavona maldivensis,2014,LC,Least Concern
pavona maldivensis,pavona maldivensis,2008,LC,Least Concern
montipora venosa,montipora venosa,2014,NT,Near Threatened
montipora venosa,montipora venosa,2008,NT,Near Threatened
acropora humilis,acropora humilis,2014,NT,Near Threatened
acropora humilis,acropora humilis,2008,NT,Near Threatened
turbinaria reniformis,turbinaria reniformis,2014,VU,Vulnerable
turbinaria reniformis,turbinaria reniformis,2008,VU,Vulnerable
echinopora lamellosa,echinopora lamellosa,2014,LC,Least Concern
echinopora lamellosa,echinopora lamellosa,2008,LC,Least Concern
favia favus,favia favus,2014,LC,Least Concern
favia favus,favia favus,2008,LC,Least Concern
montipora floweri,montipora floweri,2014,LC,Least Concern
montipora floweri,montipora floweri,2008,LC,Least Concern
acropora tortuosa,acropora tortuosa,2008,LC,Least Concern
psammocora superficialis,psammocora superficialis,2014,LC,Least Concern
psammocora superficialis,psammocora superficialis,2008,LC,Least Concern
acropora lutkeni,acropora lutkeni,2014,NT,Near Threatened
acropora lutkeni,acropora lutkeni,2008,NT,Near Threatened
montipora spumosa,montipora spumosa,2008,LC,Least Concern
acropora striata,acropora striata,2014,VU,Vulnerable
acropora striata,acropora striata,2008,VU,Vulnerable
acropora latistella,acropora latistella,2008,LC,Least Concern
merulina ampliata,merulina ampliata,2014,LC,Least Concern
merulina ampliata,merulina ampliata,2008,LC,Least Concern
montipora lobulata,montipora lobulata,2014,VU,Vulnerable
montipora lobulata,montipora lobulata,2008,VU,Vulnerable
stylocoeniella armata,stylocoeniella armata,2014,LC,Least Concern
stylocoeniella armata,stylocoeniella armata,2008,LC,Least Concern
madracis kirbyi,madracis kirbyi,2014,LC,Least Concern
madracis kirbyi,madracis kirbyi,2008,LC,Least Concern
favites complanata,favites complanata,2008,NT,Near Threatened
montipora turgescens,montipora turgescens,2008,LC,Least Concern
acropora nasuta,acropora nasuta,2014,NT,Near Threatened
acropora nasuta,acropora nasuta,2008,NT,Near Threatened
favites russelli,favites russelli,2014,NT,Near Threatened
favites russelli,favites russelli,2008,NT,Near Threatened
acropora elseyi,acropora elseyi,2008,LC,Least Concern
acropora gemmifera,acropora gemmifera,2014,LC,Least Concern
acropora gemmifera,acropora gemmifera,2008,LC,Least Concern
montipora danae,montipora danae,2014,LC,Least Concern
montipora danae,montipora danae,2008,LC,Least Concern
fungia scutaria,fungia scutaria,2014,LC,Least Concern
fungia scutaria,fungia scutaria,2008,LC,Least Concern
porites lutea,porites lutea,2014,LC,Least Concern
porites lutea,porites lutea,2008,LC,Least Concern
montipora effusa,montipora effusa,2008,NT,Near Threatened
platygyra pini,platygyra pini,2014,LC,Least Concern
platygyra pini,platygyra pini,2008,LC,Least Concern
fungia tenuis,fungia tenuis,2014,LC,Least Concern
fungia tenuis,fungia tenuis,2008,LC,Least Concern
montipora aequituberculata,montipora aequituberculata,2014,LC,Least Concern
montipora aequituberculata,montipora aequituberculata,2008,LC,Least Concern
astreopora randalli,astreopora randalli,2014,LC,Least Concern
astreopora randalli,astreopora randalli,2008,LC,Least Concern
mycedium elephantotus,mycedium elephantotus,2014,LC,Least Concern
mycedium elephantotus,mycedium elephantotus,2008,LC,Least Concern
acropora valida,acropora valida,2014,LC,Least Concern
acropora valida,acropora valida,2008,LC,Least Concern
cyphastrea chalcidicum,cyphastrea chalcidicum,2014,LC,Least Concern
cyphastrea chalcidicum,cyphastrea chalcidicum,2008,LC,Least Concern
porites latistella,porites latistella,2008,LC,Least Concern
barabattoia amicorum,barabattoia amicorum,2014,LC,Least Concern
barabattoia amicorum,barabattoia amicorum,2008,LC,Least Concern
porites arnaudi,porites arnaudi,2008,LC,Least Concern
pocillopora woodjonesi,pocillopora woodjonesi,2014,LC,Least Concern
pocillopora woodjonesi,pocillopora woodjonesi,2008,LC,Least Concern
montipora caliculata,montipora caliculata,2014,VU,Vulnerable
montipora caliculata,montipora caliculata,2008,VU,Vulnerable
fungia sinensis,fungia sinensis,2014,LC,Least Concern
fungia sinensis,fungia sinensis,2008,LC,Least Concern
acropora hyacinthus,acropora hyacinthus,2008,NT,Near Threatened
acropora vaughani,acropora vaughani,2014,VU,Vulnerable
acropora vaughani,acropora vaughani,2008,VU,Vulnerable
fungia paumotensis,fungia paumotensis,2014,LC,Least Concern
fungia paumotensis,fungia paumotensis,2008,LC,Least Concern
acropora sarmentosa,acropora sarmentosa,2008,LC,Least Concern
pocillopora eydouxi,pocillopora eydouxi,2014,NT,Near Threatened
pocillopora eydouxi,pocillopora eydouxi,2008,NT,Near Threatened
pavona clavus,pavona clavus,2014,LC,Least Concern
pavona clavus,pavona clavus,2008,LC,Least Concern
porites lobata,porites lobata,2014,NT,Near Threatened
porites lobata,porites lobata,2008,NT,Near Threatened
echinophyllia echinata,echinophyllia echinata,2014,LC,Least Concern
echinophyllia echinata,echinophyllia echinata,2008,LC,Least Concern
favia matthaii,favia matthaii,2014,NT,Near Threatened
favia matthaii,favia matthaii,2008,NT,Near Threatened
seriatopora hystrix,seriatopora hystrix,2014,LC,Least Concern
seriatopora hystrix,seriatopora hystrix,2008,LC,Least Concern
acropora granulosa,acropora granulosa,2014,NT,Near Threatened
acropora granulosa,acropora granulosa,2008,NT,Near Threatened
fungia repanda,fungia repanda,2014,LC,Least Concern
fungia repanda,fungia repanda,2008,LC,Least Concern
acropora formosa,acropora formosa,2014,NT,Near Threatened
acropora formosa,acropora formosa,2008,NT,Near Threatened
leptoseris solida,leptoseris solida,2014,LC,Least Concern
leptoseris solida,leptoseris solida,2008,LC,Least Concern
cyphastrea microphthalma,cyphastrea microphthalma,2014,LC,Least Concern
cyphastrea microphthalma,cyphastrea microphthalma,2008,LC,Least Concern
ctenactis echinata,ctenactis echinata,2014,LC,Least Concern
ctenactis echinata,ctenactis echinata,2008,LC,Least Concern
fungia horrida,fungia horrida,2014,LC,Least Concern
fungia horrida,fungia horrida,2008,LC,Least Concern
millepora platyphylla,millepora platyphylla,2008,LC,Least Concern
lobophyllia hemprichii,lobophyllia hemprichii,2014,LC,Least Concern
lobophyllia hemprichii,lobophyllia hemprichii,2008,LC,Least Concern
fungia fungites,fungia fungites,2014,NT,Near Threatened
fungia fungites,fungia fungites,2008,NT,Near Threatened
porites lichen,porites lichen,2014,LC,Least Concern
porites lichen,porites lichen,2008,LC,Least Concern
pavona duerdeni,pavona duerdeni,2014,LC,Least Concern
pavona duerdeni,pavona duerdeni,2008,LC,Least Concern
acropora horrida,acropora horrida,2008,VU,Vulnerable
montipora verrucosa,montipora verrucosa,2014,LC,Least Concern
montipora verrucosa,montipora verrucosa,2008,LC,Least Concern
favia speciosa,favia speciosa,2008,LC,Least Concern
scolymia vitiensis,scolymia vitiensis,2008,NT,Near Threatened
porites murrayensis,porites murrayensis,2014,NT,Near Threatened
porites murrayensis,porites murrayensis,2008,NT,Near Threatened
acropora nobilis,acropora nobilis,2008,LC,Least Concern
goniopora stutchburyi,goniopora stutchburyi,2008,LC,Least Concern
porites solida,porites solida,2014,LC,Least Concern
porites solida,porites solida,2008,LC,Least Concern
acropora paniculata,acropora paniculata,2008,VU,Vulnerable
leptoseris incrustans,leptoseris incrustans,2014,VU,Vulnerable
leptoseris incrustans,leptoseris incrustans,2008,VU,Vulnerable
acropora longicyathus,acropora longicyathus,2008,LC,Least Concern
ctenactis crassa,ctenactis crassa,2008,LC,Least Concern
fungia scruposa,fungia scruposa,2014,LC,Least Concern
fungia scruposa,fungia scruposa,2008,LC,Least Concern
montipora foveolata,montipora foveolata,2014,NT,Near Threatened
montipora foveolata,montipora foveolata,2008,NT,Near Threatened
coscinaraea exesa,coscinaraea exesa,2008,LC,Least Concern
herpolitha limax,herpolitha limax,2014,LC,Least Concern
herpolitha limax,herpolitha limax,2008,LC,Least Concern
acropora microphthalma,acropora microphthalma,2014,LC,Least Concern
acropora microphthalma,acropora microphthalma,2008,LC,Least Concern
montipora millepora,montipora millepora,2008,LC,Least Concern
hydnophora microconos,hydnophora microconos,2014,NT,Near Threatened
hydnophora microconos,hydnophora microconos,2008,NT,Near Threatened
pocillopora damicornis,pocillopora damicornis,2014,LC,Least Concern
pocillopora damicornis,pocillopora damicornis,2008,LC,Least Concern
platygyra daedalea,platygyra daedalea,2014,LC,Least Concern
platygyra daedalea,platygyra daedalea,2008,LC,Least Concern
turbinaria mesenterina,turbinaria mesenterina,2014,VU,Vulnerable
turbinaria mesenterina,turbinaria mesenterina,2008,VU,Vulnerable
fungia concinna,fungia concinna,2014,LC,Least Concern
fungia concinna,fungia concinna,2008,LC,Least Concern
echinopora gemmacea,echinopora gemmacea,2008,LC,Least Concern
leptastrea bottae,leptastrea bottae,2014,NT,Near Threatened
leptastrea bottae,leptastrea bottae,2008,NT,Near Threatened
goniastrea aspera,goniastrea aspera,2014,LC,Least Concern
goniastrea aspera,goniastrea aspera,2008,LC,Least Concern
platygyra sinensis,platygyra sinensis,2008,LC,Least Concern
alveopora spongiosa,alveopora spongiosa,2014,NT,Near Threatened
alveopora spongiosa,alveopora spongiosa,2008,NT,Near Threatened
sandalolitha dentata,sandalolitha dentata,2014,LC,Least Concern
sandalolitha dentata,sandalolitha dentata,2008,LC,Least Concern
fungia distorta,fungia distorta,2008,LC,Least Concern
coscinaraea columna,coscinaraea columna,2014,LC,Least Concern
coscinaraea columna,coscinaraea columna,2008,LC,Least Concern
montipora tuberculosa,montipora tuberculosa,2014,LC,Least Concern
montipora tuberculosa,montipora tuberculosa,2008,LC,Least Concern
montipora hoffmeisteri,montipora hoffmeisteri,2014,LC,Least Concern
montipora hoffmeisteri,montipora hoffmeisteri,2008,LC,Least Concern
acropora robusta,acropora robusta,2014,LC,Least Concern
acropora robusta,acropora robusta,2008,LC,Least Concern
montipora hispida,montipora hispida,2008,LC,Least Concern
goniastrea pectinata,goniastrea pectinata,2014,LC,Least Concern
goniastrea pectinata,goniastrea pectinata,2008,LC,Least Concern
favites flexuosa,favites flexuosa,2014,NT,Near Threatened
favites flexuosa,favites flexuosa,2008,NT,Near Threatened
leptastrea purpurea,leptastrea purpurea,2014,LC,Least Concern
leptastrea purpurea,leptastrea purpurea,2008,LC,Least Concern
fungia granulosa,fungia granulosa,2014,LC,Least Concern
fungia granulosa,fungia granulosa,2008,LC,Least Concern
gardineroseris planulata,gardineroseris planulata,2014,LC,Least Concern
gardineroseris planulata,gardineroseris planulata,2008,LC,Least Concern
acropora globiceps,acropora globiceps,2014,VU,Vulnerable
acropora globiceps,acropora globiceps,2008,VU,Vulnerable
psammocora profundacella,psammocora profundacella,2014,LC,Least Concern
psammocora profundacella,psammocora profundacella,2008,LC,Least Concern
montipora efflorescens,montipora efflorescens,2014,NT,Near Threatened
montipora efflorescens,montipora efflorescens,2008,NT,Near Threatened
pocillopora elegans,pocillopora elegans,2014,VU,Vulnerable
pocillopora elegans,pocillopora elegans,2008,VU,Vulnerable
acropora secale,acropora secale,2014,NT,Near Threatened
acropora secale,acropora secale,2008,NT,Near Threatened
favites abdita,favites abdita,2014,NT,Near Threatened
favites abdita,favites abdita,2008,NT,Near Threatened
acropora carduus,acropora carduus,2008,NT,Near Threatened
pavona explanulata,pavona explanulata,2014,LC,Least Concern
pavona explanulata,pavona explanulata,2008,LC,Least Concern
psammocora contigua,psammocora contigua,2014,NT,Near Threatened
psammocora contigua,psammocora contigua,2008,NT,Near Threatened
fungia scabra,fungia scabra,2008,LC,Least Concern
porites australiensis,porites australiensis,2014,LC,Least Concern
porites australiensis,porites australiensis,2008,LC,Least Concern
alveopora verrilliana,alveopora verrilliana,2014,VU,Vulnerable
alveopora verrilliana,alveopora verrilliana,2008,VU,Vulnerable
cyphastrea serailia,cyphastrea serailia,2014,LC,Least Concern
cyphastrea serailia,cyphastrea serailia,2008,LC,Least Concern
acropora loripes,acropora loripes,2014,NT,Near Threatened
acropora loripes,acropora loripes,2008,NT,Near Threatened
psammocora digitata,psammocora digitata,2014,NT,Near Threatened
psammocora digitata,psammocora digitata,2008,NT,Near Threatened
montipora foliosa,montipora foliosa,2014,NT,Near Threatened
montipora foliosa,montipora foliosa,2008,NT,Near Threatened
pavona decussata,pavona decussata,2014,VU,Vulnerable
pavona decussata,pavona decussata,2008,VU,Vulnerable
acropora digitifera,acropora digitifera,2014,NT,Near Threatened
acropora digitifera,acropora digitifera,2008,NT,Near Threatened
psammocora explanulata,psammocora explanulata,2008,LC,Least Concern
galaxea fascicularis,galaxea fascicularis,2014,NT,Near Threatened
galaxea fascicularis,galaxea fascicularis,2008,NT,Near Threatened
leptoseris hawaiiensis,leptoseris hawaiiensis,2014,LC,Least Concern
leptoseris hawaiiensis,leptoseris hawaiiensis,2008,LC,Least Concern
lobophyllia corymbosa,lobophyllia corymbosa,2014,LC,Least Concern
lobophyllia corymbosa,lobophyllia corymbosa,2008,LC,Least Concern
pocillopora verrucosa,pocillopora verrucosa,2014,LC,Least Concern
pocillopora verrucosa,pocillopora verrucosa,2008,LC,Least Concern
acropora pulchra,acropora pulchra,2008,LC,Least Concern
goniopora minor,goniopora minor,2014,NT,Near Threatened
goniopora minor,goniopora minor,2008,NT,Near Threatened
acanthastrea echinata,acanthastrea echinata,2014,LC,Least Concern
acanthastrea echinata,acanthastrea echinata,2008,LC,Least Concern
plesiastrea versipora,plesiastrea versipora,2014,LC,Least Concern
plesiastrea versipora,plesiastrea versipora,2008,LC,Least Concern
pavona bipartita,pavona bipartita,2014,VU,Vulnerable
pavona bipartita,pavona bipartita,2008,VU,Vulnerable
fungia costulata,fungia costulata,2014,LC,Least Concern
fungia costulata,fungia costulata,2008,LC,Least Concern
pocillopora capitata,pocillopora capitata,2014,LC,Least Concern
pocillopora capitata,pocillopora capitata,2008,LC,Least Concern
montastrea curta,montastrea curta,2014,LC,Least Concern
montastrea curta,montastrea curta,2008,LC,Least Concern
acropora monticulosa,acropora monticulosa,2014,NT,Near Threatened
acropora monticulosa,acropora monticulosa,2008,NT,Near Threatened
stylocoeniella guentheri,stylocoeniella guentheri,2014,LC,Least Concern
stylocoeniella guentheri,stylocoeniella guentheri,2008,LC,Least Concern
pocillopora ligulata,pocillopora ligulata,2014,LC,Least Concern
pocillopora ligulata,pocillopora ligulata,2008,LC,Least Concern
abudefduf sordidus,abudefduf sordidus,2017,LC,Least Concern
chromis alpha,chromis alpha,2010,LC,Least Concern
abudefduf vaigiensis,abudefduf vaigiensis,2017,LC,Least Concern
abudefduf septemfasciatus,abudefduf septemfasciatus,2017,LC,Least Concern
abudefduf sexfasciatus,abudefduf sexfasciatus,2017,LC,Least Concern
epinephelus polyphekadion,epinephelus polyphekadion,2018,VU,Vulnerable
epinephelus polyphekadion,epinephelus polyphekadion,2006,NT,Near Threatened
cephalopholis leopardus,cephalopholis leopardus,2018,LC,Least Concern
cephalopholis leopardus,cephalopholis leopardus,2008,LC,Least Concern
plectropomus laevis,plectropomus laevis,2018,LC,Least Concern
plectropomus laevis,plectropomus laevis,2008,VU,Vulnerable
plectropomus laevis,plectropomus laevis,2007,VU,Vulnerable
epinephelus tauvina,epinephelus tauvina,2018,DD,Data Deficient
epinephelus tauvina,epinephelus tauvina,2008,DD,Data Deficient
hyporthodus octofasciatus,hyporthodus octofasciatus,2018,LC,Least Concern
hyporthodus octofasciatus,hyporthodus octofasciatus,2008,DD,Data Deficient
cephalopholis igarashiensis,cephalopholis igarashiensis,2018,LC,Least Concern
cephalopholis igarashiensis,cephalopholis igarashiensis,2008,DD,Data Deficient
cephalopholis argus,cephalopholis argus,2018,LC,Least Concern
cephalopholis argus,cephalopholis argus,2008,LC,Least Concern
cephalopholis polleni,cephalopholis polleni,2018,LC,Least Concern
cephalopholis polleni,cephalopholis polleni,2008,LC,Least Concern
cephalopholis spiloparaea,cephalopholis spiloparaea,2018,LC,Least Concern
cephalopholis spiloparaea,cephalopholis spiloparaea,2008,LC,Least Concern
epinephelus hexagonatus,epinephelus hexagonatus,2018,LC,Least Concern
epinephelus hexagonatus,epinephelus hexagonatus,2008,LC,Least Concern
epinephelus merra,epinephelus merra,2018,LC,Least Concern
epinephelus merra,epinephelus merra,2008,LC,Least Concern
cephalopholis aurantia,cephalopholis aurantia,2018,LC,Least Concern
cephalopholis aurantia,cephalopholis aurantia,2008,DD,Data Deficient
gracila albomarginata,gracila albomarginata,2018,LC,Least Concern
gracila albomarginata,gracila albomarginata,2008,DD,Data Deficient
cephalopholis urodeta,cephalopholis urodeta,2018,LC,Least Concern
cephalopholis urodeta,cephalopholis urodeta,2017,LC,Least Concern
cephalopholis urodeta,cephalopholis urodeta,2008,LC,Least Concern
epinephelus morrhua,epinephelus morrhua,2018,LC,Least Concern
epinephelus morrhua,epinephelus morrhua,2008,LC,Least Concern
epinephelus melanostigma,epinephelus melanostigma,2018,LC,Least Concern
epinephelus melanostigma,epinephelus melanostigma,2008,DD,Data Deficient
epinephelus lanceolatus,epinephelus lanceolatus,2018,DD,Data Deficient
epinephelus lanceolatus,epinephelus lanceolatus,2006,VU,Vulnerable
epinephelus lanceolatus,epinephelus lanceolatus,1996,VU,Vulnerable
saloptia powelli,saloptia powelli,2018,LC,Least Concern
saloptia powelli,saloptia powelli,2008,DD,Data Deficient
epinephelus fasciatus,epinephelus fasciatus,2018,LC,Least Concern
epinephelus fasciatus,epinephelus fasciatus,2008,LC,Least Concern
epinephelus socialis,epinephelus socialis,2018,LC,Least Concern
epinephelus socialis,epinephelus socialis,2008,NT,Near Threatened
variola louti,variola louti,2018,LC,Least Concern
variola louti,variola louti,2008,LC,Least Concern
cephalopholis sexmaculata,cephalopholis sexmaculata,2018,LC,Least Concern
cephalopholis sexmaculata,cephalopholis sexmaculata,2008,LC,Least Concern
epinephelus tuamotuensis,epinephelus tuamotuensis,2018,LC,Least Concern
epinephelus tuamotuensis,epinephelus tuamotuensis,2008,LC,Least Concern
epinephelus tuamotuensis,epinephelus tuamotuensis,2007,LC,Least Concern
enoplometopus holthuisi,enoplometopus holthuisi,2011,DD,Data Deficient
panulirus longipes,panulirus longipes,2011,LC,Least Concern
enoplometopus gracilipes,enoplometopus gracilipes,2011,DD,Data Deficient
arctides regalis,arctides regalis,2011,LC,Least Concern
pentacheles snyderi,pentacheles snyderi,2011,LC,Least Concern
parribacus antarcticus,parribacus antarcticus,2011,LC,Least Concern
panulirus femoristriga,panulirus femoristriga,2011,LC,Least Concern
stereomastis auriculata,stereomastis auriculata,2011,LC,Least Concern
galearctus aurora,galearctus aurora,2011,LC,Least Concern
stereomastis suhmi,stereomastis suhmi,2011,LC,Least Concern
peponocephala electra,peponocephala electra,2019,LC,Least Concern
peponocephala electra,peponocephala electra,2008,LC,Least Concern
peponocephala electra,peponocephala electra,1996,LR/lc,Lower Risk/least concern
peponocephala electra,peponocephala electra,1994,K,Insufficiently Known
steno bredanensis,steno bredanensis,2019,LC,Least Concern
steno bredanensis,steno bredanensis,2012,LC,Least Concern
steno bredanensis,steno bredanensis,2008,LC,Least Concern
steno bredanensis,steno bredanensis,1996,DD,Data Deficient
steno bredanensis,steno bredanensis,1994,K,Insufficiently Known
kogia breviceps,kogia breviceps,2012,DD,Data Deficient
kogia breviceps,kogia breviceps,2008,DD,Data Deficient
kogia breviceps,kogia breviceps,1996,LR/lc,Lower Risk/least concern
kogia breviceps,kogia breviceps,1994,K,Insufficiently Known
stenella coeruleoalba,stenella coeruleoalba,2019,LC,Least Concern
stenella coeruleoalba,stenella coeruleoalba,2008,LC,Least Concern
stenella coeruleoalba,stenella coeruleoalba,1996,LR/cd,Lower Risk/conservation dependent
stenella coeruleoalba,stenella coeruleoalba,1994,K,Insufficiently Known
balaenoptera bonaerensis,balaenoptera bonaerensis,2018,NT,Near Threatened
balaenoptera bonaerensis,balaenoptera bonaerensis,2008,DD,Data Deficient
balaenoptera bonaerensis,balaenoptera bonaerensis,1996,LR/cd,Lower Risk/conservation dependent
mesoplodon ginkgodens,mesoplodon ginkgodens,2008,DD,Data Deficient
mesoplodon ginkgodens,mesoplodon ginkgodens,1996,DD,Data Deficient
mesoplodon ginkgodens,mesoplodon ginkgodens,1994,K,Insufficiently Known
ziphius cavirostris,ziphius cavirostris,2008,LC,Least Concern
ziphius cavirostris,ziphius cavirostris,1996,DD,Data Deficient
ziphius cavirostris,ziphius cavirostris,1994,K,Insufficiently Known
orcinus orca,orcinus orca,2017,DD,Data Deficient
orcinus orca,orcinus orca,2013,DD,Data Deficient
orcinus orca,orcinus orca,2008,DD,Data Deficient
orcinus orca,orcinus orca,1996,LR/cd,Lower Risk/conservation dependent
orcinus orca,orcinus orca,1994,K,Insufficiently Known
physeter macrocephalus,physeter macrocephalus,2008,VU,Vulnerable
physeter macrocephalus,physeter macrocephalus,1996,VU,Vulnerable
physeter macrocephalus,physeter macrocephalus,1994,K,Insufficiently Known
tursiops truncatus,tursiops truncatus,2019,LC,Least Concern
tursiops truncatus,tursiops truncatus,2012,LC,Least Concern
tursiops truncatus,tursiops truncatus,2008,LC,Least Concern
tursiops truncatus,tursiops truncatus,1996,DD,Data Deficient
tursiops truncatus,tursiops truncatus,1994,K,Insufficiently Known
balaenoptera edeni,balaenoptera edeni,2018,LC,Least Concern
balaenoptera edeni,balaenoptera edeni,2008,DD,Data Deficient
balaenoptera edeni,balaenoptera edeni,1996,DD,Data Deficient
balaenoptera edeni,balaenoptera edeni,1994,K,Insufficiently Known
kogia sima,kogia sima,2012,DD,Data Deficient
kogia sima,kogia sima,2008,DD,Data Deficient
kogia sima,kogia sima,1996,LR/lc,Lower Risk/least concern
kogia sima,kogia sima,1994,K,Insufficiently Known
mesoplodon densirostris,mesoplodon densirostris,2008,DD,Data Deficient
mesoplodon densirostris,mesoplodon densirostris,1996,DD,Data Deficient
mesoplodon densirostris,mesoplodon densirostris,1994,K,Insufficiently Known
stenella longirostris,stenella longirostris,2018,LC,Least Concern
stenella longirostris,stenella longirostris,2012,DD,Data Deficient
stenella longirostris,stenella longirostris,2008,DD,Data Deficient
stenella longirostris,stenella longirostris,1996,LR/cd,Lower Risk/conservation dependent
globicephala macrorhynchus,globicephala macrorhynchus,2018,LC,Least Concern
globicephala macrorhynchus,globicephala macrorhynchus,2011,DD,Data Deficient
globicephala macrorhynchus,globicephala macrorhynchus,2008,DD,Data Deficient
globicephala macrorhynchus,globicephala macrorhynchus,1996,LR/cd,Lower Risk/conservation dependent
globicephala macrorhynchus,globicephala macrorhynchus,1994,K,Insufficiently Known
megaptera novaeangliae,megaptera novaeangliae,2018,LC,Least Concern
megaptera novaeangliae,megaptera novaeangliae,2008,LC,Least Concern
megaptera novaeangliae,megaptera novaeangliae,1996,VU,Vulnerable
megaptera novaeangliae,megaptera novaeangliae,1994,V,Vulnerable
megaptera novaeangliae,megaptera novaeangliae,1990,V,Vulnerable
megaptera novaeangliae,megaptera novaeangliae,1988,E,Endangered
megaptera novaeangliae,megaptera novaeangliae,1986,E,Endangered
megaptera novaeangliae,megaptera novaeangliae,1965,NA,"""Less rare but believed to be threatened-requires watching"""
balaenoptera borealis,balaenoptera borealis,2018,EN,Endangered
balaenoptera borealis,balaenoptera borealis,2008,EN,Endangered
balaenoptera borealis,balaenoptera borealis,1996,EN,Endangered
balaenoptera borealis,balaenoptera borealis,1994,V,Vulnerable
grampus griseus,grampus griseus,2018,LC,Least Concern
grampus griseus,grampus griseus,2012,LC,Least Concern
grampus griseus,grampus griseus,2008,LC,Least Concern
grampus griseus,grampus griseus,1996,DD,Data Deficient
grampus griseus,grampus griseus,1994,K,Insufficiently Known
balaenoptera musculus,balaenoptera musculus,2018,EN,Endangered
balaenoptera musculus,balaenoptera musculus,2008,EN,Endangered
balaenoptera musculus,balaenoptera musculus,1996,EN,Endangered
balaenoptera musculus,balaenoptera musculus,1994,E,Endangered
balaenoptera musculus,balaenoptera musculus,1990,E,Endangered
balaenoptera musculus,balaenoptera musculus,1988,E,Endangered
balaenoptera musculus,balaenoptera musculus,1986,E,Endangered
balaenoptera musculus,balaenoptera musculus,1965,NA,"""Very rare and believed to be decreasing in numbers"""
lagenodelphis hosei,lagenodelphis hosei,2018,LC,Least Concern
lagenodelphis hosei,lagenodelphis hosei,2012,LC,Least Concern
lagenodelphis hosei,lagenodelphis hosei,2008,LC,Least Concern
lagenodelphis hosei,lagenodelphis hosei,1996,DD,Data Deficient
lagenodelphis hosei,lagenodelphis hosei,1994,K,Insufficiently Known
balaenoptera acutorostrata,balaenoptera acutorostrata,2018,LC,Least Concern
balaenoptera acutorostrata,balaenoptera acutorostrata,2008,LC,Least Concern
balaenoptera acutorostrata,balaenoptera acutorostrata,1996,LR/nt,Lower Risk/near threatened
balaenoptera acutorostrata,balaenoptera acutorostrata,1994,K,Insufficiently Known
pseudorca crassidens,pseudorca crassidens,2018,NT,Near Threatened
pseudorca crassidens,pseudorca crassidens,2008,DD,Data Deficient
pseudorca crassidens,pseudorca crassidens,1996,LR/lc,Lower Risk/least concern
pseudorca crassidens,pseudorca crassidens,1994,K,Insufficiently Known
feresa attenuata,feresa attenuata,2018,LC,Least Concern
feresa attenuata,feresa attenuata,2008,DD,Data Deficient
feresa attenuata,feresa attenuata,1996,DD,Data Deficient
feresa attenuata,feresa attenuata,1994,K,Insufficiently Known
stenella attenuata,stenella attenuata,2018,LC,Least Concern
stenella attenuata,stenella attenuata,2012,LC,Least Concern
stenella attenuata,stenella attenuata,2008,LC,Least Concern
stenella attenuata,stenella attenuata,1996,LR/cd,Lower Risk/conservation dependent
stenella attenuata,stenella attenuata,1994,K,Insufficiently Known
sphoeroides pachygaster,sphoeroides pachygaster,2014,LC,Least Concern
canthigaster rivulata,canthigaster rivulata,2014,LC,Least Concern
canthigaster janthinoptera,canthigaster janthinoptera,2014,LC,Least Concern
canthigaster amboinensis,canthigaster amboinensis,2014,LC,Least Concern
canthigaster solandri,canthigaster solandri,2014,LC,Least Concern
lagocephalus lagocephalus,lagocephalus lagocephalus,2014,LC,Least Concern
lagocephalus sceleratus,lagocephalus sceleratus,2014,LC,Least Concern
canthigaster valentini,canthigaster valentini,2014,LC,Least Concern
canthigaster bennetti,canthigaster bennetti,2014,LC,Least Concern
arothron hispidus,arothron hispidus,2014,LC,Least Concern
arothron stellatus,arothron stellatus,2014,LC,Least Concern
arothron meleagris,arothron meleagris,2014,LC,Least Concern
eretmochelys imbricata,eretmochelys imbricata,2008,CR,Critically Endangered
eretmochelys imbricata,eretmochelys imbricata,1996,CR,Critically Endangered
eretmochelys imbricata,eretmochelys imbricata,1994,E,Endangered
eretmochelys imbricata,eretmochelys imbricata,1990,E,Endangered
eretmochelys imbricata,eretmochelys imbricata,1988,E,Endangered
eretmochelys imbricata,eretmochelys imbricata,1986,E,Endangered
eretmochelys imbricata,eretmochelys imbricata,1982,E,Endangered
caretta caretta,caretta caretta,2015,VU,Vulnerable
caretta caretta,caretta caretta,1996,EN,Endangered
caretta caretta,caretta caretta,1994,V,Vulnerable
caretta caretta,caretta caretta,1990,V,Vulnerable
caretta caretta,caretta caretta,1988,V,Vulnerable
caretta caretta,caretta caretta,1986,V,Vulnerable
caretta caretta,caretta caretta,1982,V,Vulnerable
hydrophis platurus,hydrophis platurus,2017,LC,Least Concern
hydrophis platurus,hydrophis platurus,2010,LC,Least Concern
chelonia mydas,chelonia mydas,2004,EN,Endangered
chelonia mydas,chelonia mydas,1996,EN,Endangered
chelonia mydas,chelonia mydas,1994,E,Endangered
chelonia mydas,chelonia mydas,1990,E,Endangered
chelonia mydas,chelonia mydas,1988,E,Endangered
chelonia mydas,chelonia mydas,1986,E,Endangered
chelonia mydas,chelonia mydas,1982,E,Endangered
holothuria leucospilota,holothuria leucospilota,2013,LC,Least Concern
stichopus chloronotus,stichopus chloronotus,2013,LC,Least Concern
holothuria fuscogilva,holothuria fuscogilva,2013,VU,Vulnerable
holothuria hilla,holothuria hilla,2013,LC,Least Concern
stichopus monotuberculatus,stichopus monotuberculatus,2013,DD,Data Deficient
holothuria pervicax,holothuria pervicax,2013,LC,Least Concern
holothuria difficilis,holothuria difficilis,2013,LC,Least Concern
stichopus horrens,stichopus horrens,2013,DD,Data Deficient
holothuria flavomaculata,holothuria flavomaculata,2013,LC,Least Concern
actinopyga mauritiana,actinopyga mauritiana,2013,VU,Vulnerable
mesothuria multipora,mesothuria multipora,2013,DD,Data Deficient
thelenota anax,thelenota anax,2013,DD,Data Deficient
holothuria turriscelsa,holothuria turriscelsa,2013,LC,Least Concern
holothuria pardalis,holothuria pardalis,2013,LC,Least Concern
holothuria discrepans,holothuria discrepans,2013,DD,Data Deficient
holothuria whitmaei,holothuria whitmaei,2013,EN,Endangered
holothuria olivacea,holothuria olivacea,2013,DD,Data Deficient
holothuria glandifera,holothuria glandifera,2013,DD,Data Deficient
holothuria impatiens,holothuria impatiens,2013,DD,Data Deficient
holothuria edulis,holothuria edulis,2013,LC,Least Concern
holothuria hawaiiensis,holothuria hawaiiensis,2013,LC,Least Concern
holothuria fuscocinerea,holothuria fuscocinerea,2013,LC,Least Concern
bohadschia vitiensis,bohadschia vitiensis,2013,DD,Data Deficient
holothuria stocki,holothuria stocki,2013,DD,Data Deficient
bohadschia similis,bohadschia similis,2013,DD,Data Deficient
bohadschia argus,bohadschia argus,2013,LC,Least Concern
pearsonothuria graeffei,pearsonothuria graeffei,2013,LC,Least Concern
holothuria atra,holothuria atra,2013,LC,Least Concern
actinopyga miliaris,actinopyga miliaris,2013,VU,Vulnerable
holothuria erinaceaus,holothuria erinaceaus,2013,LC,Least Concern
actinopyga varians,actinopyga varians,2013,DD,Data Deficient
holothuria verrucosa,holothuria verrucosa,2013,LC,Least Concern
holothuria arenicola,holothuria arenicola,2013,DD,Data Deficient
halophila decipiens,halophila decipiens,2010,LC,Least Concern
ctenochaetus binotatus,ctenochaetus binotatus,2012,LC,Least Concern
naso lituratus,naso lituratus,2012,LC,Least Concern
acanthurus nigricauda,acanthurus nigricauda,2012,LC,Least Concern
naso unicornis,naso unicornis,2012,LC,Least Concern
zebrasoma rostratum,zebrasoma rostratum,2012,DD,Data Deficient
naso brevirostris,naso brevirostris,2012,LC,Least Concern
ctenochaetus hawaiiensis,ctenochaetus hawaiiensis,2012,LC,Least Concern
acanthurus triostegus,acanthurus triostegus,2012,LC,Least Concern
acanthurus xanthopterus,acanthurus xanthopterus,2012,LC,Least Concern
naso brachycentron,naso brachycentron,2012,LC,Least Concern
naso annulatus,naso annulatus,2012,LC,Least Concern
acanthurus lineatus,acanthurus lineatus,2012,LC,Least Concern
naso vlamingii,naso vlamingii,2012,LC,Least Concern
naso vlamingii,naso vlamingii,2010,LC,Least Concern
acanthurus guttatus,acanthurus guttatus,2012,LC,Least Concern
ctenochaetus marginatus,ctenochaetus marginatus,2012,LC,Least Concern
acanthurus thompsoni,acanthurus thompsoni,2012,LC,Least Concern
acanthurus nigricans,acanthurus nigricans,2012,LC,Least Concern
acanthurus pyroferus,acanthurus pyroferus,2012,LC,Least Concern
acanthurus olivaceus,acanthurus olivaceus,2012,LC,Least Concern
acanthurus leucopareius,acanthurus leucopareius,2012,LC,Least Concern
zebrasoma veliferum,zebrasoma veliferum,2012,LC,Least Concern
naso caesius,naso caesius,2012,LC,Least Concern
zebrasoma scopas,zebrasoma scopas,2012,LC,Least Concern
acanthurus achilles,acanthurus achilles,2012,LC,Least Concern
acanthurus blochii,acanthurus blochii,2012,LC,Least Concern
ctenochaetus flavicauda,ctenochaetus flavicauda,2012,LC,Least Concern
acanthurus nigrofuscus,acanthurus nigrofuscus,2012,LC,Least Concern
naso hexacanthus,naso hexacanthus,2012,LC,Least Concern
acanthurus mata,acanthurus mata,2012,LC,Least Concern
acanthurus nubilus,acanthurus nubilus,2012,LC,Least Concern
ctenochaetus striatus,ctenochaetus striatus,2012,LC,Least Concern
dunckerocampus dactyliophorus,dunckerocampus dactyliophorus,2016,DD,Data Deficient
dunckerocampus dactyliophorus,dunckerocampus dactyliophorus,2010,DD,Data Deficient
dunckerocampus dactyliophorus,dunckerocampus dactyliophorus,1996,DD,Data Deficient
fistularia petimba,fistularia petimba,2015,LC,Least Concern
fistularia commersonii,fistularia commersonii,2016,LC,Least Concern
microphis brachyurus,microphis brachyurus,2019,LC,Least Concern
microphis brachyurus,microphis brachyurus,2017,LC,Least Concern
microphis brachyurus,microphis brachyurus,2013,LC,Least Concern
doryrhamphus excisus,doryrhamphus excisus,2016,LC,Least Concern
microphis argulus,microphis argulus,2017,LC,Least Concern
choeroichthys sculptus,choeroichthys sculptus,2016,LC,Least Concern
corythoichthys flavofasciatus,corythoichthys flavofasciatus,2017,LC,Least Concern
corythoichthys nigripectus,corythoichthys nigripectus,2016,LC,Least Concern
cosmocampus howensis,cosmocampus howensis,2016,LC,Least Concern
aulostomus chinensis,aulostomus chinensis,2015,LC,Least Concern
micrognathus brevirostris,micrognathus brevirostris,2016,LC,Least Concern
minyichthys myersi,minyichthys myersi,2016,LC,Least Concern
eurypegasus draconis,eurypegasus draconis,2017,LC,Least Concern
eurypegasus draconis,eurypegasus draconis,2010,DD,Data Deficient
eurypegasus draconis,eurypegasus draconis,1996,DD,Data Deficient
gymnosarda unicolor,gymnosarda unicolor,2011,LC,Least Concern
katsuwonus pelamis,katsuwonus pelamis,2011,LC,Least Concern
euthynnus affinis,euthynnus affinis,2011,LC,Least Concern
thunnus orientalis,thunnus orientalis,2014,VU,Vulnerable
thunnus orientalis,thunnus orientalis,2011,LC,Least Concern
thunnus albacares,thunnus albacares,2011,NT,Near Threatened
thunnus albacares,thunnus albacares,1996,LR/lc,Lower Risk/least concern
makaira nigricans,makaira nigricans,2011,VU,Vulnerable
tetrapturus angustirostris,tetrapturus angustirostris,2011,DD,Data Deficient
thunnus alalunga,thunnus alalunga,2011,NT,Near Threatened
thunnus alalunga,thunnus alalunga,1996,DD,Data Deficient
xiphias gladius,xiphias gladius,2011,LC,Least Concern
xiphias gladius,xiphias gladius,1996,DD,Data Deficient
kajikia audax,kajikia audax,2011,NT,Near Threatened
thunnus obesus,thunnus obesus,2011,VU,Vulnerable
thunnus obesus,thunnus obesus,1996,VU,Vulnerable
istiophorus platypterus,istiophorus platypterus,2011,LC,Least Concern
istiompax indica,istiompax indica,2011,DD,Data Deficient
cheilinus trilobatus,cheilinus trilobatus,2010,LC,Least Concern
anampses melanurus,anampses melanurus,2010,LC,Least Concern
halichoeres marginatus,halichoeres marginatus,2010,LC,Least Concern
cheilinus chlorourus,cheilinus chlorourus,2010,LC,Least Concern
wetmorella nigropinnata,wetmorella nigropinnata,2010,LC,Least Concern
iniistius pentadactylus,iniistius pentadactylus,2010,LC,Least Concern
coris gaimard,coris gaimard,2010,LC,Least Concern
novaculichthys taeniourus,novaculichthys taeniourus,2010,LC,Least Concern
cirrhilabrus exquisitus,cirrhilabrus exquisitus,2010,DD,Data Deficient
pseudocheilinus hexataenia,pseudocheilinus hexataenia,2010,LC,Least Concern
thalassoma amblycephalum,thalassoma amblycephalum,2010,LC,Least Concern
cymolutes torquatus,cymolutes torquatus,2010,LC,Least Concern
thalassoma hardwicke,thalassoma hardwicke,2010,LC,Least Concern
pseudojuloides atavai,pseudojuloides atavai,2010,DD,Data Deficient
pseudocoris aurantiofasciata,pseudocoris aurantiofasciata,2010,LC,Least Concern
halichoeres hortulanus,halichoeres hortulanus,2010,LC,Least Concern
oxycheilinus unifasciatus,oxycheilinus unifasciatus,2010,LC,Least Concern
thalassoma lutescens,thalassoma lutescens,2010,LC,Least Concern
oxycheilinus arenatus,oxycheilinus arenatus,2010,LC,Least Concern
epibulus insidiator,epibulus insidiator,2010,LC,Least Concern
thalassoma quinquevittatum,thalassoma quinquevittatum,2010,LC,Least Concern
oxycheilinus lineatus,oxycheilinus lineatus,2010,LC,Least Concern
pseudocheilinus tetrataenia,pseudocheilinus tetrataenia,2010,LC,Least Concern
labropsis polynesica,labropsis polynesica,2010,LC,Least Concern
thalassoma purpureum,thalassoma purpureum,2010,LC,Least Concern
polylepion russelli,polylepion russelli,2010,LC,Least Concern
calotomus carolinus,calotomus carolinus,2012,LC,Least Concern
calotomus carolinus,calotomus carolinus,2010,LC,Least Concern
cetoscarus ocellatus,cetoscarus ocellatus,2012,LC,Least Concern
cetoscarus ocellatus,cetoscarus ocellatus,2010,LC,Least Concern
scarus globiceps,scarus globiceps,2012,LC,Least Concern
scarus globiceps,scarus globiceps,2010,LC,Least Concern
scarus altipinnis,scarus altipinnis,2012,LC,Least Concern
scarus altipinnis,scarus altipinnis,2010,LC,Least Concern
chlorurus microrhinos,chlorurus microrhinos,2012,LC,Least Concern
chlorurus microrhinos,chlorurus microrhinos,2010,LC,Least Concern
scarus psittacus,scarus psittacus,2012,LC,Least Concern
scarus psittacus,scarus psittacus,2010,LC,Least Concern
scarus niger,scarus niger,2012,LC,Least Concern
scarus niger,scarus niger,2010,LC,Least Concern
scarus forsteni,scarus forsteni,2012,LC,Least Concern
scarus forsteni,scarus forsteni,2010,LC,Least Concern
scarus pyrrostethus,scarus pyrrostethus,2012,LC,Least Concern
scarus pyrrostethus,scarus pyrrostethus,2010,LC,Least Concern
scarus oviceps,scarus oviceps,2012,LC,Least Concern
scarus oviceps,scarus oviceps,2010,LC,Least Concern
scarus schlegeli,scarus schlegeli,2012,LC,Least Concern
scarus schlegeli,scarus schlegeli,2010,LC,Least Concern
pseudocheilinus ocellatus,pseudocheilinus ocellatus,2010,LC,Least Concern
hemigymnus fasciatus,hemigymnus fasciatus,2010,LC,Least Concern
cheilio inermis,cheilio inermis,2010,LC,Least Concern
labroides dimidiatus,labroides dimidiatus,2010,LC,Least Concern
stethojulis bandanensis,stethojulis bandanensis,2010,LC,Least Concern
halichoeres margaritaceus,halichoeres margaritaceus,2010,LC,Least Concern
halichoeres trimaculatus,halichoeres trimaculatus,2010,LC,Least Concern
stethojulis strigiventer,stethojulis strigiventer,2010,LC,Least Concern
bodianus axillaris,bodianus axillaris,2010,LC,Least Concern
oxycheilinus bimaculatus,oxycheilinus bimaculatus,2010,LC,Least Concern
gomphosus varius,gomphosus varius,2010,LC,Least Concern
wetmorella albofasciata,wetmorella albofasciata,2010,LC,Least Concern
halichoeres melasmapomus,halichoeres melasmapomus,2010,LC,Least Concern
cirrhilabrus scottorum,cirrhilabrus scottorum,2010,LC,Least Concern
pseudocheilinus octotaenia,pseudocheilinus octotaenia,2010,LC,Least Concern
pseudojuloides cerasinus,pseudojuloides cerasinus,2010,DD,Data Deficient
cheilinus oxycephalus,cheilinus oxycephalus,2010,LC,Least Concern
pseudocheilinus evanidus,pseudocheilinus evanidus,2010,LC,Least Concern
cymolutes praetextatus,cymolutes praetextatus,2010,LC,Least Concern
macropharyngodon meleagris,macropharyngodon meleagris,2010,LC,Least Concern
hologymnosus annulatus,hologymnosus annulatus,2010,LC,Least Concern
halichoeres claudia,halichoeres claudia,2010,LC,Least Concern
iniistius pavo,iniistius pavo,2010,LC,Least Concern
thalassoma trilobatum,thalassoma trilobatum,2010,LC,Least Concern
pseudodax moluccanus,pseudodax moluccanus,2010,LC,Least Concern
bodianus anthioides,bodianus anthioides,2010,LC,Least Concern
anampses caeruleopunctatus,anampses caeruleopunctatus,2010,LC,Least Concern
anampses meleagrides,anampses meleagrides,2010,LC,Least Concern
labroides rubrolabiatus,labroides rubrolabiatus,2010,LC,Least Concern
labroides bicolor,labroides bicolor,2010,LC,Least Concern
xyrichtys halsteadi,xyrichtys halsteadi,2010,LC,Least Concern
anampses twistii,anampses twistii,2010,LC,Least Concern
coris aygula,coris aygula,2010,LC,Least Concern
scarus tricolor,scarus tricolor,2012,LC,Least Concern
scarus tricolor,scarus tricolor,2010,LC,Least Concern
chlorurus spilurus,chlorurus spilurus,2012,LC,Least Concern
chlorurus spilurus,chlorurus spilurus,2010,LC,Least Concern
scarus rubroviolaceus,scarus rubroviolaceus,2012,LC,Least Concern
scarus rubroviolaceus,scarus rubroviolaceus,2010,LC,Least Concern
hipposcarus longiceps,hipposcarus longiceps,2012,LC,Least Concern
hipposcarus longiceps,hipposcarus longiceps,2010,LC,Least Concern
scarus frenatus,scarus frenatus,2012,LC,Least Concern
scarus frenatus,scarus frenatus,2010,LC,Least Concern
leptoscarus vaigiensis,leptoscarus vaigiensis,2012,LC,Least Concern
leptoscarus vaigiensis,leptoscarus vaigiensis,2010,LC,Least Concern
chlorurus frontalis,chlorurus frontalis,2012,LC,Least Concern
chlorurus frontalis,chlorurus frontalis,2010,LC,Least Concern
circus approximans,circus approximans,2017,LC,Least Concern
circus approximans,circus approximans,2016,LC,Least Concern
circus approximans,circus approximans,2012,LC,Least Concern
circus approximans,circus approximans,2009,LC,Least Concern
circus approximans,circus approximans,2008,LC,Least Concern
circus approximans,circus approximans,2004,LC,Least Concern
circus approximans,circus approximans,2000,LR/lc,Lower Risk/least concern
circus approximans,circus approximans,1994,LR/lc,Lower Risk/least concern
circus approximans,circus approximans,1988,LR/lc,Lower Risk/least concern
egretta sacra,egretta sacra,2018,LC,Least Concern
egretta sacra,egretta sacra,2016,LC,Least Concern
egretta sacra,egretta sacra,2012,LC,Least Concern
egretta sacra,egretta sacra,2009,LC,Least Concern
egretta sacra,egretta sacra,2008,LC,Least Concern
egretta sacra,egretta sacra,2004,LC,Least Concern
egretta sacra,egretta sacra,2000,LR/lc,Lower Risk/least concern
egretta sacra,egretta sacra,1994,LR/lc,Lower Risk/least concern
egretta sacra,egretta sacra,1988,LR/lc,Lower Risk/least concern
fregetta grallaria,fregetta grallaria,2018,LC,Least Concern
fregetta grallaria,fregetta grallaria,2016,LC,Least Concern
fregetta grallaria,fregetta grallaria,2012,LC,Least Concern
fregetta grallaria,fregetta grallaria,2009,LC,Least Concern
fregetta grallaria,fregetta grallaria,2008,LC,Least Concern
fregetta grallaria,fregetta grallaria,2004,LC,Least Concern
fregetta grallaria,fregetta grallaria,2000,LR/lc,Lower Risk/least concern
fregetta grallaria,fregetta grallaria,1994,LR/lc,Lower Risk/least concern
fregetta grallaria,fregetta grallaria,1988,LR/lc,Lower Risk/least concern
fregetta tropica,fregetta tropica,2018,LC,Least Concern
fregetta tropica,fregetta tropica,2016,LC,Least Concern
fregetta tropica,fregetta tropica,2012,LC,Least Concern
fregetta tropica,fregetta tropica,2009,LC,Least Concern
fregetta tropica,fregetta tropica,2008,LC,Least Concern
fregetta tropica,fregetta tropica,2004,LC,Least Concern
fregetta tropica,fregetta tropica,2000,LR/lc,Lower Risk/least concern
fregetta tropica,fregetta tropica,1994,LR/lc,Lower Risk/least concern
fregetta tropica,fregetta tropica,1988,LR/lc,Lower Risk/least concern
thalassarche eremita,thalassarche eremita,2018,VU,Vulnerable
thalassarche eremita,thalassarche eremita,2017,VU,Vulnerable
thalassarche eremita,thalassarche eremita,2016,VU,Vulnerable
thalassarche eremita,thalassarche eremita,2012,VU,Vulnerable
thalassarche eremita,thalassarche eremita,2010,VU,Vulnerable
thalassarche eremita,thalassarche eremita,2009,CR,Critically Endangered
thalassarche eremita,thalassarche eremita,2008,CR,Critically Endangered
thalassarche eremita,thalassarche eremita,2007,CR,Critically Endangered
thalassarche eremita,thalassarche eremita,2005,CR,Critically Endangered
thalassarche eremita,thalassarche eremita,2004,CR,Critically Endangered
thalassarche eremita,thalassarche eremita,2003,CR,Critically Endangered
thalassarche eremita,thalassarche eremita,2000,CR,Critically Endangered
thalassarche eremita,thalassarche eremita,1994,NR,Not Recognized
thalassarche eremita,thalassarche eremita,1988,NR,Not Recognized
gygis alba,gygis alba,2018,LC,Least Concern
gygis alba,gygis alba,2016,LC,Least Concern
gygis alba,gygis alba,2012,LC,Least Concern
gygis alba,gygis alba,2009,LC,Least Concern
gygis alba,gygis alba,2008,LC,Least Concern
gygis alba,gygis alba,2004,LC,Least Concern
gygis alba,gygis alba,2000,LR/lc,Lower Risk/least concern
gygis alba,gygis alba,1994,LR/lc,Lower Risk/least concern
gygis alba,gygis alba,1988,LR/lc,Lower Risk/least concern
oceanites oceanicus,oceanites oceanicus,2018,LC,Least Concern
oceanites oceanicus,oceanites oceanicus,2016,LC,Least Concern
oceanites oceanicus,oceanites oceanicus,2012,LC,Least Concern
oceanites oceanicus,oceanites oceanicus,2009,LC,Least Concern
oceanites oceanicus,oceanites oceanicus,2008,LC,Least Concern
oceanites oceanicus,oceanites oceanicus,2004,LC,Least Concern
oceanites oceanicus,oceanites oceanicus,2000,LR/lc,Lower Risk/least concern
oceanites oceanicus,oceanites oceanicus,1994,LR/lc,Lower Risk/least concern
oceanites oceanicus,oceanites oceanicus,1988,LR/lc,Lower Risk/least concern
nesofregetta fuliginosa,nesofregetta fuliginosa,2018,EN,Endangered
nesofregetta fuliginosa,nesofregetta fuliginosa,2016,EN,Endangered
nesofregetta fuliginosa,nesofregetta fuliginosa,2012,EN,Endangered
nesofregetta fuliginosa,nesofregetta fuliginosa,2010,EN,Endangered
nesofregetta fuliginosa,nesofregetta fuliginosa,2008,VU,Vulnerable
nesofregetta fuliginosa,nesofregetta fuliginosa,2007,VU,Vulnerable
nesofregetta fuliginosa,nesofregetta fuliginosa,2006,VU,Vulnerable
nesofregetta fuliginosa,nesofregetta fuliginosa,2004,VU,Vulnerable
nesofregetta fuliginosa,nesofregetta fuliginosa,2000,VU,Vulnerable
nesofregetta fuliginosa,nesofregetta fuliginosa,1994,LR/lc,Lower Risk/least concern
nesofregetta fuliginosa,nesofregetta fuliginosa,1988,LR/lc,Lower Risk/least concern
numenius tahitiensis,numenius tahitiensis,2016,VU,Vulnerable
numenius tahitiensis,numenius tahitiensis,2012,VU,Vulnerable
numenius tahitiensis,numenius tahitiensis,2008,VU,Vulnerable
numenius tahitiensis,numenius tahitiensis,2006,VU,Vulnerable
numenius tahitiensis,numenius tahitiensis,2004,VU,Vulnerable
numenius tahitiensis,numenius tahitiensis,2000,VU,Vulnerable
numenius tahitiensis,numenius tahitiensis,1996,VU,Vulnerable
numenius tahitiensis,numenius tahitiensis,1994,VU,Vulnerable
numenius tahitiensis,numenius tahitiensis,1988,T,Threatened
onychoprion lunatus,onychoprion lunatus,2018,LC,Least Concern
onychoprion lunatus,onychoprion lunatus,2016,LC,Least Concern
onychoprion lunatus,onychoprion lunatus,2012,LC,Least Concern
onychoprion lunatus,onychoprion lunatus,2009,LC,Least Concern
onychoprion lunatus,onychoprion lunatus,2008,LC,Least Concern
onychoprion lunatus,onychoprion lunatus,2004,LC,Least Concern
onychoprion lunatus,onychoprion lunatus,2000,LR/lc,Lower Risk/least concern
onychoprion lunatus,onychoprion lunatus,1994,LR/lc,Lower Risk/least concern
onychoprion lunatus,onychoprion lunatus,1988,LR/lc,Lower Risk/least concern
pelagodroma marina,pelagodroma marina,2018,LC,Least Concern
pelagodroma marina,pelagodroma marina,2016,LC,Least Concern
pelagodroma marina,pelagodroma marina,2012,LC,Least Concern
pelagodroma marina,pelagodroma marina,2009,LC,Least Concern
pelagodroma marina,pelagodroma marina,2008,LC,Least Concern
pelagodroma marina,pelagodroma marina,2004,LC,Least Concern
pelagodroma marina,pelagodroma marina,2000,LR/lc,Lower Risk/least concern
pelagodroma marina,pelagodroma marina,1994,LR/lc,Lower Risk/least concern
pelagodroma marina,pelagodroma marina,1988,LR/lc,Lower Risk/least concern
anous ceruleus,anous ceruleus,2018,LC,Least Concern
anous ceruleus,anous ceruleus,2016,LC,Least Concern
anous ceruleus,anous ceruleus,2014,LC,Least Concern
pseudobulweria rostrata,pseudobulweria rostrata,2018,NT,Near Threatened
pseudobulweria rostrata,pseudobulweria rostrata,2016,NT,Near Threatened
pseudobulweria rostrata,pseudobulweria rostrata,2012,NT,Near Threatened
pseudobulweria rostrata,pseudobulweria rostrata,2010,NT,Near Threatened
pseudobulweria rostrata,pseudobulweria rostrata,2008,NT,Near Threatened
pseudobulweria rostrata,pseudobulweria rostrata,2005,NT,Near Threatened
pseudobulweria rostrata,pseudobulweria rostrata,2004,NT,Near Threatened
pseudobulweria rostrata,pseudobulweria rostrata,2000,LR/nt,Lower Risk/near threatened
pseudobulweria rostrata,pseudobulweria rostrata,1994,LR/lc,Lower Risk/least concern
pseudobulweria rostrata,pseudobulweria rostrata,1988,LR/lc,Lower Risk/least concern
pterodroma neglecta,pterodroma neglecta,2018,LC,Least Concern
pterodroma neglecta,pterodroma neglecta,2016,LC,Least Concern
pterodroma neglecta,pterodroma neglecta,2012,LC,Least Concern
pterodroma neglecta,pterodroma neglecta,2009,LC,Least Concern
pterodroma neglecta,pterodroma neglecta,2008,LC,Least Concern
pterodroma neglecta,pterodroma neglecta,2004,LC,Least Concern
pterodroma neglecta,pterodroma neglecta,2000,LR/lc,Lower Risk/least concern
pterodroma neglecta,pterodroma neglecta,1994,LR/lc,Lower Risk/least concern
pterodroma neglecta,pterodroma neglecta,1988,LR/lc,Lower Risk/least concern
pterodroma alba,pterodroma alba,2018,EN,Endangered
pterodroma alba,pterodroma alba,2016,EN,Endangered
pterodroma alba,pterodroma alba,2012,EN,Endangered
pterodroma alba,pterodroma alba,2010,EN,Endangered
pterodroma alba,pterodroma alba,2008,EN,Endangered
pterodroma alba,pterodroma alba,2007,EN,Endangered
pterodroma alba,pterodroma alba,2006,EN,Endangered
pterodroma alba,pterodroma alba,2004,EN,Endangered
pterodroma alba,pterodroma alba,2000,VU,Vulnerable
pterodroma alba,pterodroma alba,1994,LR/lc,Lower Risk/least concern
pterodroma alba,pterodroma alba,1988,LR/lc,Lower Risk/least concern
pterodroma cervicalis,pterodroma cervicalis,2018,VU,Vulnerable
pterodroma cervicalis,pterodroma cervicalis,2016,VU,Vulnerable
pterodroma cervicalis,pterodroma cervicalis,2012,VU,Vulnerable
pterodroma cervicalis,pterodroma cervicalis,2010,VU,Vulnerable
pterodroma cervicalis,pterodroma cervicalis,2008,VU,Vulnerable
pterodroma cervicalis,pterodroma cervicalis,2006,VU,Vulnerable
pterodroma cervicalis,pterodroma cervicalis,2004,VU,Vulnerable
pterodroma cervicalis,pterodroma cervicalis,2000,VU,Vulnerable
pterodroma cervicalis,pterodroma cervicalis,1996,VU,Vulnerable
pterodroma cervicalis,pterodroma cervicalis,1994,VU,Vulnerable
pterodroma cervicalis,pterodroma cervicalis,1988,LR/lc,Lower Risk/least concern
pterodroma heraldica,pterodroma heraldica,2018,LC,Least Concern
pterodroma heraldica,pterodroma heraldica,2016,LC,Least Concern
pterodroma heraldica,pterodroma heraldica,2012,LC,Least Concern
pterodroma heraldica,pterodroma heraldica,2009,LC,Least Concern
pterodroma heraldica,pterodroma heraldica,2008,LC,Least Concern
pterodroma heraldica,pterodroma heraldica,2004,LC,Least Concern
pterodroma heraldica,pterodroma heraldica,2000,LR/lc,Lower Risk/least concern
pterodroma heraldica,pterodroma heraldica,1994,NR,Not Recognized
pterodroma heraldica,pterodroma heraldica,1988,NR,Not Recognized
puffinus bailloni,puffinus bailloni,2018,LC,Least Concern
puffinus bailloni,puffinus bailloni,2016,LC,Least Concern
puffinus bailloni,puffinus bailloni,2014,LC,Least Concern
puffinus nativitatis,puffinus nativitatis,2018,LC,Least Concern
puffinus nativitatis,puffinus nativitatis,2016,LC,Least Concern
puffinus nativitatis,puffinus nativitatis,2012,LC,Least Concern
puffinus nativitatis,puffinus nativitatis,2009,LC,Least Concern
puffinus nativitatis,puffinus nativitatis,2008,LC,Least Concern
puffinus nativitatis,puffinus nativitatis,2004,LC,Least Concern
puffinus nativitatis,puffinus nativitatis,2000,LR/lc,Lower Risk/least concern
puffinus nativitatis,puffinus nativitatis,1994,LR/lc,Lower Risk/least concern
puffinus nativitatis,puffinus nativitatis,1988,LR/lc,Lower Risk/least concern
thalasseus bergii,thalasseus bergii,2018,LC,Least Concern
thalasseus bergii,thalasseus bergii,2016,LC,Least Concern
thalasseus bergii,thalasseus bergii,2015,LC,Least Concern
thalasseus bergii,thalasseus bergii,2012,LC,Least Concern
thalasseus bergii,thalasseus bergii,2009,LC,Least Concern
thalasseus bergii,thalasseus bergii,2008,LC,Least Concern
thalasseus bergii,thalasseus bergii,2004,LC,Least Concern
thalasseus bergii,thalasseus bergii,2000,LR/lc,Lower Risk/least concern
thalasseus bergii,thalasseus bergii,1994,LR/lc,Lower Risk/least concern
thalasseus bergii,thalasseus bergii,1988,LR/lc,Lower Risk/least concern
tringa incana,tringa incana,2016,LC,Least Concern
tringa incana,tringa incana,2012,LC,Least Concern
tringa incana,tringa incana,2009,LC,Least Concern
tringa incana,tringa incana,2008,LC,Least Concern
tringa incana,tringa incana,2004,LC,Least Concern
tringa incana,tringa incana,2000,LR/lc,Lower Risk/least concern
tringa incana,tringa incana,1994,LR/lc,Lower Risk/least concern
tringa incana,tringa incana,1988,LR/lc,Lower Risk/least concern
zapornia tabuensis,zapornia tabuensis,2016,LC,Least Concern
zapornia tabuensis,zapornia tabuensis,2012,LC,Least Concern
zapornia tabuensis,zapornia tabuensis,2009,LC,Least Concern
zapornia tabuensis,zapornia tabuensis,2008,LC,Least Concern
zapornia tabuensis,zapornia tabuensis,2004,LC,Least Concern
zapornia tabuensis,zapornia tabuensis,2000,LR/lc,Lower Risk/least concern
zapornia tabuensis,zapornia tabuensis,1994,LR/lc,Lower Risk/least concern
zapornia tabuensis,zapornia tabuensis,1988,LR/lc,Lower Risk/least concern
pterodroma atrata,pterodroma atrata,2018,EN,Endangered
pterodroma atrata,pterodroma atrata,2016,EN,Endangered
pterodroma atrata,pterodroma atrata,2012,EN,Endangered
pterodroma atrata,pterodroma atrata,2010,EN,Endangered
pterodroma atrata,pterodroma atrata,2008,EN,Endangered
pterodroma atrata,pterodroma atrata,2007,EN,Endangered
pterodroma atrata,pterodroma atrata,2006,EN,Endangered
pterodroma atrata,pterodroma atrata,2004,EN,Endangered
pterodroma atrata,pterodroma atrata,2000,EN,Endangered
pterodroma atrata,pterodroma atrata,1994,NR,Not Recognized
pterodroma atrata,pterodroma atrata,1988,NR,Not Recognized
hirundo tahitica,hirundo tahitica,2016,LC,Least Concern
procellaria parkinsoni,procellaria parkinsoni,2018,VU,Vulnerable
procellaria parkinsoni,procellaria parkinsoni,2016,VU,Vulnerable
procellaria parkinsoni,procellaria parkinsoni,2012,VU,Vulnerable
procellaria parkinsoni,procellaria parkinsoni,2010,VU,Vulnerable
procellaria parkinsoni,procellaria parkinsoni,2008,VU,Vulnerable
procellaria parkinsoni,procellaria parkinsoni,2007,VU,Vulnerable
procellaria parkinsoni,procellaria parkinsoni,2005,VU,Vulnerable
procellaria parkinsoni,procellaria parkinsoni,2004,VU,Vulnerable
procellaria parkinsoni,procellaria parkinsoni,2000,VU,Vulnerable
procellaria parkinsoni,procellaria parkinsoni,1996,VU,Vulnerable
procellaria parkinsoni,procellaria parkinsoni,1994,VU,Vulnerable
procellaria parkinsoni,procellaria parkinsoni,1988,T,Threatened
pterodroma cookii,pterodroma cookii,2018,VU,Vulnerable
pterodroma cookii,pterodroma cookii,2016,VU,Vulnerable
pterodroma cookii,pterodroma cookii,2012,VU,Vulnerable
pterodroma cookii,pterodroma cookii,2010,VU,Vulnerable
pterodroma cookii,pterodroma cookii,2009,VU,Vulnerable
pterodroma cookii,pterodroma cookii,2008,EN,Endangered
pterodroma cookii,pterodroma cookii,2007,EN,Endangered
pterodroma cookii,pterodroma cookii,2006,EN,Endangered
pterodroma cookii,pterodroma cookii,2004,EN,Endangered
pterodroma cookii,pterodroma cookii,2000,EN,Endangered
pterodroma cookii,pterodroma cookii,1996,VU,Vulnerable
pterodroma cookii,pterodroma cookii,1994,VU,Vulnerable
pterodroma cookii,pterodroma cookii,1988,T,Threatened
pterodroma inexpectata,pterodroma inexpectata,2018,NT,Near Threatened
pterodroma inexpectata,pterodroma inexpectata,2016,NT,Near Threatened
pterodroma inexpectata,pterodroma inexpectata,2014,NT,Near Threatened
pterodroma inexpectata,pterodroma inexpectata,2012,NT,Near Threatened
pterodroma inexpectata,pterodroma inexpectata,2010,NT,Near Threatened
pterodroma inexpectata,pterodroma inexpectata,2008,NT,Near Threatened
pterodroma inexpectata,pterodroma inexpectata,2004,NT,Near Threatened
pterodroma inexpectata,pterodroma inexpectata,2000,LR/nt,Lower Risk/near threatened
pterodroma inexpectata,pterodroma inexpectata,1994,LR/lc,Lower Risk/least concern
pterodroma inexpectata,pterodroma inexpectata,1988,LR/lc,Lower Risk/least concern
pterodroma nigripennis,pterodroma nigripennis,2018,LC,Least Concern
pterodroma nigripennis,pterodroma nigripennis,2016,LC,Least Concern
pterodroma nigripennis,pterodroma nigripennis,2012,LC,Least Concern
pterodroma nigripennis,pterodroma nigripennis,2009,LC,Least Concern
pterodroma nigripennis,pterodroma nigripennis,2008,LC,Least Concern
pterodroma nigripennis,pterodroma nigripennis,2004,LC,Least Concern
pterodroma nigripennis,pterodroma nigripennis,2000,LR/lc,Lower Risk/least concern
pterodroma nigripennis,pterodroma nigripennis,1994,LR/lc,Lower Risk/least concern
pterodroma nigripennis,pterodroma nigripennis,1988,LR/lc,Lower Risk/least concern
pterodroma leucoptera,pterodroma leucoptera,2018,VU,Vulnerable
pterodroma leucoptera,pterodroma leucoptera,2016,VU,Vulnerable
pterodroma leucoptera,pterodroma leucoptera,2012,VU,Vulnerable
pterodroma leucoptera,pterodroma leucoptera,2008,VU,Vulnerable
pterodroma leucoptera,pterodroma leucoptera,2007,VU,Vulnerable
pterodroma leucoptera,pterodroma leucoptera,2005,VU,Vulnerable
pterodroma leucoptera,pterodroma leucoptera,2004,VU,Vulnerable
pterodroma leucoptera,pterodroma leucoptera,2000,VU,Vulnerable
pterodroma leucoptera,pterodroma leucoptera,1994,LR/lc,Lower Risk/least concern
pterodroma leucoptera,pterodroma leucoptera,1988,LR/lc,Lower Risk/least concern
pterodroma ultima,pterodroma ultima,2019,LC,Least Concern
pterodroma ultima,pterodroma ultima,2018,NT,Near Threatened
pterodroma ultima,pterodroma ultima,2016,NT,Near Threatened
pterodroma ultima,pterodroma ultima,2012,NT,Near Threatened
pterodroma ultima,pterodroma ultima,2010,NT,Near Threatened
pterodroma ultima,pterodroma ultima,2008,NT,Near Threatened
pterodroma ultima,pterodroma ultima,2004,NT,Near Threatened
pterodroma ultima,pterodroma ultima,2000,LR/nt,Lower Risk/near threatened
pterodroma ultima,pterodroma ultima,1994,LR/lc,Lower Risk/least concern
pterodroma ultima,pterodroma ultima,1988,NT,Near Threatened
sula dactylatra,sula dactylatra,2018,LC,Least Concern
sula dactylatra,sula dactylatra,2016,LC,Least Concern
sula dactylatra,sula dactylatra,2012,LC,Least Concern
sula dactylatra,sula dactylatra,2010,LC,Least Concern
sula dactylatra,sula dactylatra,2008,NR,Not Recognized
sula dactylatra,sula dactylatra,2004,NR,Not Recognized
sula dactylatra,sula dactylatra,2000,NR,Not Recognized
sula dactylatra,sula dactylatra,1994,NR,Not Recognized
sula dactylatra,sula dactylatra,1988,NR,Not Recognized
sula leucogaster,sula leucogaster,2018,LC,Least Concern
sula leucogaster,sula leucogaster,2016,LC,Least Concern
sula leucogaster,sula leucogaster,2012,LC,Least Concern
sula leucogaster,sula leucogaster,2009,LC,Least Concern
sula leucogaster,sula leucogaster,2008,LC,Least Concern
sula leucogaster,sula leucogaster,2004,LC,Least Concern
sula leucogaster,sula leucogaster,2000,LR/lc,Lower Risk/least concern
sula leucogaster,sula leucogaster,1994,LR/lc,Lower Risk/least concern
sula leucogaster,sula leucogaster,1988,LR/lc,Lower Risk/least concern
sula sula,sula sula,2018,LC,Least Concern
sula sula,sula sula,2016,LC,Least Concern
sula sula,sula sula,2012,LC,Least Concern
sula sula,sula sula,2009,LC,Least Concern
sula sula,sula sula,2008,LC,Least Concern
sula sula,sula sula,2004,LC,Least Concern
sula sula,sula sula,2000,LR/lc,Lower Risk/least concern
sula sula,sula sula,1994,LR/lc,Lower Risk/least concern
sula sula,sula sula,1988,LR/lc,Lower Risk/least concern
ardenna bulleri,ardenna bulleri,2018,VU,Vulnerable
ardenna bulleri,ardenna bulleri,2016,VU,Vulnerable
ardenna bulleri,ardenna bulleri,2012,VU,Vulnerable
ardenna bulleri,ardenna bulleri,2010,VU,Vulnerable
ardenna bulleri,ardenna bulleri,2008,VU,Vulnerable
ardenna bulleri,ardenna bulleri,2006,VU,Vulnerable
ardenna bulleri,ardenna bulleri,2004,VU,Vulnerable
ardenna bulleri,ardenna bulleri,2000,VU,Vulnerable
ardenna bulleri,ardenna bulleri,1994,LR/nt,Lower Risk/near threatened
ardenna bulleri,ardenna bulleri,1988,LR/lc,Lower Risk/least concern
pterodroma brevipes,pterodroma brevipes,2018,VU,Vulnerable
pterodroma brevipes,pterodroma brevipes,2016,VU,Vulnerable
pterodroma brevipes,pterodroma brevipes,2012,VU,Vulnerable
pterodroma brevipes,pterodroma brevipes,2011,VU,Vulnerable
pterodroma brevipes,pterodroma brevipes,2010,NT,Near Threatened
pterodroma brevipes,pterodroma brevipes,2008,NT,Near Threatened
pterodroma brevipes,pterodroma brevipes,2006,NT,Near Threatened
pterodroma brevipes,pterodroma brevipes,2004,LC,Least Concern
pterodroma brevipes,pterodroma brevipes,2000,LR/lc,Lower Risk/least concern
pterodroma brevipes,pterodroma brevipes,1994,LR/lc,Lower Risk/least concern
pterodroma brevipes,pterodroma brevipes,1988,LR/lc,Lower Risk/least concern
phaethon rubricauda,phaethon rubricauda,2018,LC,Least Concern
phaethon rubricauda,phaethon rubricauda,2016,LC,Least Concern
phaethon rubricauda,phaethon rubricauda,2013,LC,Least Concern
phaethon rubricauda,phaethon rubricauda,2012,LC,Least Concern
phaethon rubricauda,phaethon rubricauda,2009,LC,Least Concern
phaethon rubricauda,phaethon rubricauda,2008,LC,Least Concern
phaethon rubricauda,phaethon rubricauda,2004,LC,Least Concern
phaethon rubricauda,phaethon rubricauda,2000,LR/lc,Lower Risk/least concern
phaethon rubricauda,phaethon rubricauda,1994,LR/lc,Lower Risk/least concern
phaethon rubricauda,phaethon rubricauda,1988,LR/lc,Lower Risk/least concern
anas superciliosa,anas superciliosa,2016,LC,Least Concern
anas superciliosa,anas superciliosa,2012,LC,Least Concern
anas superciliosa,anas superciliosa,2009,LC,Least Concern
anas superciliosa,anas superciliosa,2008,LC,Least Concern
anas superciliosa,anas superciliosa,2004,LC,Least Concern
anas superciliosa,anas superciliosa,2000,LR/lc,Lower Risk/least concern
anas superciliosa,anas superciliosa,1994,LR/lc,Lower Risk/least concern
anas superciliosa,anas superciliosa,1988,LR/lc,Lower Risk/least concern
anous stolidus,anous stolidus,2018,LC,Least Concern
anous stolidus,anous stolidus,2016,LC,Least Concern
anous stolidus,anous stolidus,2012,LC,Least Concern
anous stolidus,anous stolidus,2009,LC,Least Concern
anous stolidus,anous stolidus,2008,LC,Least Concern
anous stolidus,anous stolidus,2004,LC,Least Concern
anous stolidus,anous stolidus,2000,LR/lc,Lower Risk/least concern
anous stolidus,anous stolidus,1994,LR/lc,Lower Risk/least concern
anous stolidus,anous stolidus,1988,LR/lc,Lower Risk/least concern
anous minutus,anous minutus,2018,LC,Least Concern
anous minutus,anous minutus,2016,LC,Least Concern
anous minutus,anous minutus,2012,LC,Least Concern
anous minutus,anous minutus,2009,LC,Least Concern
anous minutus,anous minutus,2008,LC,Least Concern
anous minutus,anous minutus,2004,LC,Least Concern
anous minutus,anous minutus,2000,LR/lc,Lower Risk/least concern
anous minutus,anous minutus,1994,LR/lc,Lower Risk/least concern
anous minutus,anous minutus,1988,LR/lc,Lower Risk/least concern
arenaria interpres,arenaria interpres,2019,LC,Least Concern
arenaria interpres,arenaria interpres,2016,LC,Least Concern
arenaria interpres,arenaria interpres,2012,LC,Least Concern
arenaria interpres,arenaria interpres,2009,LC,Least Concern
arenaria interpres,arenaria interpres,2008,LC,Least Concern
arenaria interpres,arenaria interpres,2004,LC,Least Concern
arenaria interpres,arenaria interpres,2000,LR/lc,Lower Risk/least concern
arenaria interpres,arenaria interpres,1994,LR/lc,Lower Risk/least concern
arenaria interpres,arenaria interpres,1988,LR/lc,Lower Risk/least concern
butorides striata,butorides striata,2016,LC,Least Concern
butorides striata,butorides striata,2014,LC,Least Concern
fregata ariel,fregata ariel,2018,LC,Least Concern
fregata ariel,fregata ariel,2017,LC,Least Concern
fregata ariel,fregata ariel,2016,LC,Least Concern
fregata ariel,fregata ariel,2012,LC,Least Concern
fregata ariel,fregata ariel,2009,LC,Least Concern
fregata ariel,fregata ariel,2008,LC,Least Concern
fregata ariel,fregata ariel,2004,LC,Least Concern
fregata ariel,fregata ariel,2000,LR/lc,Lower Risk/least concern
fregata ariel,fregata ariel,1994,LR/lc,Lower Risk/least concern
fregata ariel,fregata ariel,1988,LR/lc,Lower Risk/least concern
phaethon lepturus,phaethon lepturus,2018,LC,Least Concern
phaethon lepturus,phaethon lepturus,2017,LC,Least Concern
phaethon lepturus,phaethon lepturus,2016,LC,Least Concern
phaethon lepturus,phaethon lepturus,2012,LC,Least Concern
phaethon lepturus,phaethon lepturus,2009,LC,Least Concern
phaethon lepturus,phaethon lepturus,2008,LC,Least Concern
phaethon lepturus,phaethon lepturus,2004,LC,Least Concern
phaethon lepturus,phaethon lepturus,2000,LR/lc,Lower Risk/least concern
phaethon lepturus,phaethon lepturus,1994,LR/lc,Lower Risk/least concern
phaethon lepturus,phaethon lepturus,1988,LR/lc,Lower Risk/least concern
ardenna pacifica,ardenna pacifica,2018,LC,Least Concern
ardenna pacifica,ardenna pacifica,2016,LC,Least Concern
ardenna pacifica,ardenna pacifica,2012,LC,Least Concern
ardenna pacifica,ardenna pacifica,2009,LC,Least Concern
ardenna pacifica,ardenna pacifica,2008,LC,Least Concern
ardenna pacifica,ardenna pacifica,2004,LC,Least Concern
ardenna pacifica,ardenna pacifica,2000,LR/lc,Lower Risk/least concern
ardenna pacifica,ardenna pacifica,1994,LR/lc,Lower Risk/least concern
ardenna pacifica,ardenna pacifica,1988,LR/lc,Lower Risk/least concern
ardenna tenuirostris,ardenna tenuirostris,2018,LC,Least Concern
ardenna tenuirostris,ardenna tenuirostris,2017,LC,Least Concern
ardenna tenuirostris,ardenna tenuirostris,2016,LC,Least Concern
ardenna tenuirostris,ardenna tenuirostris,2012,LC,Least Concern
ardenna tenuirostris,ardenna tenuirostris,2009,LC,Least Concern
ardenna tenuirostris,ardenna tenuirostris,2008,LC,Least Concern
ardenna tenuirostris,ardenna tenuirostris,2004,LC,Least Concern
ardenna tenuirostris,ardenna tenuirostris,2000,LR/lc,Lower Risk/least concern
ardenna tenuirostris,ardenna tenuirostris,1994,LR/lc,Lower Risk/least concern
ardenna tenuirostris,ardenna tenuirostris,1988,LR/lc,Lower Risk/least concern
fregata minor,fregata minor,2018,LC,Least Concern
fregata minor,fregata minor,2016,LC,Least Concern
fregata minor,fregata minor,2012,LC,Least Concern
fregata minor,fregata minor,2009,LC,Least Concern
fregata minor,fregata minor,2008,LC,Least Concern
fregata minor,fregata minor,2004,LC,Least Concern
fregata minor,fregata minor,2000,LR/lc,Lower Risk/least concern
fregata minor,fregata minor,1994,LR/lc,Lower Risk/least concern
fregata minor,fregata minor,1988,LR/lc,Lower Risk/least concern
onychoprion fuscatus,onychoprion fuscatus,2018,LC,Least Concern
onychoprion fuscatus,onychoprion fuscatus,2016,LC,Least Concern
onychoprion fuscatus,onychoprion fuscatus,2012,LC,Least Concern
onychoprion fuscatus,onychoprion fuscatus,2009,LC,Least Concern
onychoprion fuscatus,onychoprion fuscatus,2008,LC,Least Concern
onychoprion fuscatus,onychoprion fuscatus,2004,LC,Least Concern
onychoprion fuscatus,onychoprion fuscatus,2000,LR/lc,Lower Risk/least concern
onychoprion fuscatus,onychoprion fuscatus,1994,LR/lc,Lower Risk/least concern
onychoprion fuscatus,onychoprion fuscatus,1988,LR/lc,Lower Risk/least concern
